--------------------------------------------------------
--  Arquivo criado - Sexta-feira-Abril-05-2019   
--------------------------------------------------------
----REM INSERTING into SISTEMA
----SET DEFINE OFF;
Insert into SISTEMA (SIST_ID,SIST_TX_NOME,SIST_IN_DISPONIVEL_REDOME) values ('1','Redome','1');
Insert into SISTEMA (SIST_ID,SIST_TX_NOME,SIST_IN_DISPONIVEL_REDOME) values ('2','Centro Avaliador','0');
Insert into SISTEMA (SIST_ID,SIST_TX_NOME,SIST_IN_DISPONIVEL_REDOME) values ('3','Call Center','1');
Insert into SISTEMA (SIST_ID,SIST_TX_NOME,SIST_IN_DISPONIVEL_REDOME) values ('4','Centro Transplantador','0');
Insert into SISTEMA (SIST_ID,SIST_TX_NOME,SIST_IN_DISPONIVEL_REDOME) values ('5','Transportadora','0');
Insert into SISTEMA (SIST_ID,SIST_TX_NOME,SIST_IN_DISPONIVEL_REDOME) values ('6','Laboratório','0');
commit;
--REM INSERTING into PERFIL
--SET DEFINE OFF;
Insert into PERFIL (PERF_ID,PERF_TX_DESCRICAO,SIST_ID) values ('14','CADASTRADOR_RECEBIMENTO_COLETA','4');
Insert into PERFIL (PERF_ID,PERF_TX_DESCRICAO,SIST_ID) values ('15','MEDICO_TRANSPLANTADOR','4');
Insert into PERFIL (PERF_ID,PERF_TX_DESCRICAO,SIST_ID) values ('16','CONTROLADOR_LISTA','1');
Insert into PERFIL (PERF_ID,PERF_TX_DESCRICAO,SIST_ID) values ('17','TRANSPORTADORA','5');
Insert into PERFIL (PERF_ID,PERF_TX_DESCRICAO,SIST_ID) values ('1','MÉDICO','1');
Insert into PERFIL (PERF_ID,PERF_TX_DESCRICAO,SIST_ID) values ('5','ANALISTA_BUSCA_REDOME','1');
Insert into PERFIL (PERF_ID,PERF_TX_DESCRICAO,SIST_ID) values ('6','ENRIQUECEDOR','3');
Insert into PERFIL (PERF_ID,PERF_TX_DESCRICAO,SIST_ID) values ('7','ANALISTA_CONTATO_FASE2','3');
Insert into PERFIL (PERF_ID,PERF_TX_DESCRICAO,SIST_ID) values ('8','ANALISTA_CONTATO_FASE3','3');
Insert into PERFIL (PERF_ID,PERF_TX_DESCRICAO,SIST_ID) values ('2','MÉDICO_AVALIADOR','2');
Insert into PERFIL (PERF_ID,PERF_TX_DESCRICAO,SIST_ID) values ('3','AVALIADOR_EXAME_HLA','1');
Insert into PERFIL (PERF_ID,PERF_TX_DESCRICAO,SIST_ID) values ('9','ANALISTA_WORKUP','1');
Insert into PERFIL (PERF_ID,PERF_TX_DESCRICAO,SIST_ID) values ('11','CADASTRADOR_RESULTADO_WORKUP','1');
Insert into PERFIL (PERF_ID,PERF_TX_DESCRICAO,SIST_ID) values ('10','CONTATO_PASSIVO','3');
Insert into PERFIL (PERF_ID,PERF_TX_DESCRICAO,SIST_ID) values ('12','ANALISTA_LOGISTICA','5');
Insert into PERFIL (PERF_ID,PERF_TX_DESCRICAO,SIST_ID) values ('13','MEDICO_REDOME','1');
Insert into PERFIL (PERF_ID,PERF_TX_DESCRICAO,SIST_ID) values ('19','ADMIN','1');
Insert into PERFIL (PERF_ID,PERF_TX_DESCRICAO,SIST_ID) values ('18','LABORATORIO','6');
Insert into PERFIL (PERF_ID,PERF_TX_DESCRICAO,SIST_ID) values ('20','ANALISTA_WORKUP_INTERNACIONAL','1');
Insert into PERFIL (PERF_ID,PERF_TX_DESCRICAO,SIST_ID) values ('24','AVALIADOR_CAMARA_TECNICA','1');
Insert into PERFIL (PERF_ID,PERF_TX_DESCRICAO,SIST_ID) values ('21','WEBSERVICE','1');
Insert into PERFIL (PERF_ID,PERF_TX_DESCRICAO,SIST_ID) values ('22','ANALISTA_LOGISTICA_INTERNACIONAL','1');
Insert into PERFIL (PERF_ID,PERF_TX_DESCRICAO,SIST_ID) values ('25','AVALIADOR_NOVA_BUSCA','1');
Insert into PERFIL (PERF_ID,PERF_TX_DESCRICAO,SIST_ID) values ('23','SUPERVISOR_BUSCA','1');
Insert into PERFIL (PERF_ID,PERF_TX_DESCRICAO,SIST_ID) values ('26','REDOME_FILA','1');

Insert into PERFIL (PERF_ID,PERF_TX_DESCRICAO,SIST_ID) values ('30', 'DISTRIBUIDOR_WORKUP_NACIONAL','1');
Insert into PERFIL (PERF_ID,PERF_TX_DESCRICAO,SIST_ID) values ('31', 'DISTRIBUIDOR_WORKUP_INTERNACIONAL','1');


commit;

--REM INSERTING into BANCO_SANGUE_CORDAO
--SET DEFINE OFF;
insert into BANCO_SANGUE_CORDAO (BASC_ID, BASC_NR_ID_BRASILCORD, BASC_TX_CONTATO, BASC_TX_ENDERECO, BASC_TX_NOME, BASC_TX_SIGLA)
values ('1', '1', 'Flávio', 'PRAÇA CRUZ VERMELHA', 'INCA', 'INCA');
commit;

--REM INSERTING into USUARIO
--SET DEFINE OFF;
Insert into USUARIO (USUA_ID,USUA_TX_NOME,USUA_TX_USERNAME,USUA_TX_PASSWORD,USUA_IN_ATIVO,TRAN_ID,LABO_ID,USUA_TX_EMAIL) values ('1','MEDICO GENERICO','MEDICO','$2a$11$KMAfznbkZhx9mvESGy3.GewPWbSGQLVTnj5O0m7cIo5NrucDtcXT.','1',null,null,'medico@mail.com');
Insert into USUARIO (USUA_ID,USUA_TX_NOME,USUA_TX_USERNAME,USUA_TX_PASSWORD,USUA_IN_ATIVO,TRAN_ID,LABO_ID,USUA_TX_EMAIL) values ('2','MEDICO AVALIADOR','AVALIADOR','$2a$11$KMAfznbkZhx9mvESGy3.GewPWbSGQLVTnj5O0m7cIo5NrucDtcXT.','1',null,null,'avaliador@mail.com');
Insert into USUARIO (USUA_ID,USUA_TX_NOME,USUA_TX_USERNAME,USUA_TX_PASSWORD,USUA_IN_ATIVO,TRAN_ID,LABO_ID,USUA_TX_EMAIL) values ('3','AVALIADOR REDOME','AVALIADOR_REDOME','$2a$11$KMAfznbkZhx9mvESGy3.GewPWbSGQLVTnj5O0m7cIo5NrucDtcXT.','1',null,null,'avaliador_redome@mail.com');
Insert into USUARIO (USUA_ID,USUA_TX_NOME,USUA_TX_USERNAME,USUA_TX_PASSWORD,USUA_IN_ATIVO,TRAN_ID,LABO_ID,USUA_TX_EMAIL) values ('24','AVALIADOR CAMARA TECNICA','AVALIADOR_CAMARA_TECNICA','$2a$11$KMAfznbkZhx9mvESGy3.GewPWbSGQLVTnj5O0m7cIo5NrucDtcXT.','1',null,null,'avaliador_camara_tecnica@mail.com');
Insert into USUARIO (USUA_ID,USUA_TX_NOME,USUA_TX_USERNAME,USUA_TX_PASSWORD,USUA_IN_ATIVO,TRAN_ID,LABO_ID,USUA_TX_EMAIL) values ('5','ANALISTA BUSCA REDOME','ANALISTA_BUSCA','$2a$11$KMAfznbkZhx9mvESGy3.GewPWbSGQLVTnj5O0m7cIo5NrucDtcXT.','1',null,null,'analista_busca@mail.com');

Insert into USUARIO (USUA_ID,USUA_TX_NOME,USUA_TX_USERNAME,USUA_TX_PASSWORD,USUA_IN_ATIVO,TRAN_ID,LABO_ID,USUA_TX_EMAIL) values ('6','REDOME FILA','REDOME-FILA','$2a$11$KMAfznbkZhx9mvESGy3.GewPWbSGQLVTnj5O0m7cIo5NrucDtcXT.','1',null,null,'redome.fila@mail.com');

Insert into USUARIO (USUA_ID,USUA_TX_NOME,USUA_TX_USERNAME,USUA_TX_PASSWORD,USUA_IN_ATIVO,TRAN_ID,LABO_ID,USUA_TX_EMAIL) values ('15','MEDICO_TRANSPLANTADOR','MEDICO_TRANSPLANTADOR','$2a$11$KMAfznbkZhx9mvESGy3.GewPWbSGQLVTnj5O0m7cIo5NrucDtcXT.','1',null,null,'medido_transplantador@mail.com');

Insert into USUARIO (USUA_ID,USUA_TX_NOME,USUA_TX_USERNAME,USUA_TX_PASSWORD,USUA_IN_ATIVO,TRAN_ID,LABO_ID,USUA_TX_EMAIL) values ('9','ANALISTA WORKUP','ANALISTA_WORKUP','$2a$11$KMAfznbkZhx9mvESGy3.GewPWbSGQLVTnj5O0m7cIo5NrucDtcXT.','1',null,null,'analista_workup@mail.com');



commit;
--REM INSERTING into USUARIO_PERFIL
--SET DEFINE OFF;
Insert into USUARIO_PERFIL (USUA_ID,PERF_ID) values ('1','1');
Insert into USUARIO_PERFIL (USUA_ID,PERF_ID) values ('2','2');
Insert into USUARIO_PERFIL (USUA_ID,PERF_ID) values ('3','3');
Insert into USUARIO_PERFIL (USUA_ID,PERF_ID) values ('5','5');
Insert into USUARIO_PERFIL (USUA_ID,PERF_ID) values ('24','24');

Insert into USUARIO_PERFIL (USUA_ID,PERF_ID) values ('6','26');

Insert into USUARIO_PERFIL (USUA_ID,PERF_ID) values ('15','1');
Insert into USUARIO_PERFIL (USUA_ID,PERF_ID) values ('15','15');

Insert into USUARIO_PERFIL (USUA_ID,PERF_ID) values ('9','9');
Insert into USUARIO_PERFIL (USUA_ID,PERF_ID) values ('9','30');

commit;
--REM INSERTING into MEDICO
--SET DEFINE OFF;
Insert into MEDICO (MEDI_ID,MEDI_TX_CRM,MEDI_TX_NOME,USUA_ID,CETR_ID,MEDI_TX_ARQUIVO_CRM) values ('1','10000','Médico Genérico','1',null,'CRM_MEDICO/10000/crm.pdf');
Insert into MEDICO (MEDI_ID,MEDI_TX_CRM,MEDI_TX_NOME,USUA_ID,CETR_ID,MEDI_TX_ARQUIVO_CRM) values ('2','10001','MEDICO AVALIADOR','2',null,'CRM_MEDICO/10000/crm.pdf');
commit;

--CENTRO DE TRANSPLANTE
Insert into CENTRO_TRANSPLANTE (CETR_ID,CETR_TX_NOME,CETR_TX_CNPJ,CETR_TX_CNES,CETR_NR_ENTITY_STATUS,LABO_ID) values ('2','HOSPITAL DAS CLÍNICAS DE PORTO ALEGRE - UFRGS','87020517000120','2237601','1',null);
Insert into CENTRO_TRANSPLANTE (CETR_ID,CETR_TX_NOME,CETR_TX_CNPJ,CETR_TX_CNES,CETR_NR_ENTITY_STATUS,LABO_ID) values ('16','A.C. CAMARGO CANCER CENTER','60961968000106','2077531','1',null);
commit;


--relacionamento do centro de transplante com o usuario 
Insert into CENTRO_TRANSPLANTE_USUARIO (USUA_ID,CETR_ID,CETU_IN_RESPONSAVEL,CETU_ID) values ('2','2','1','1');
Insert into CENTRO_TRANSPLANTE_USUARIO (USUA_ID,CETR_ID,CETU_IN_RESPONSAVEL,CETU_ID) values ('2','16','1','21');
commit;



--REM INSERTING into PERMISSAO
--SET DEFINE OFF;
Insert into PERMISSAO (RECU_ID,PERF_ID,PERM_IN_COM_RESTRICAO) values ('1','1','0');
Insert into PERMISSAO (RECU_ID,PERF_ID,PERM_IN_COM_RESTRICAO) values ('2','1','0');
Insert into PERMISSAO (RECU_ID,PERF_ID,PERM_IN_COM_RESTRICAO) values ('3','1','1');
Insert into PERMISSAO (RECU_ID,PERF_ID,PERM_IN_COM_RESTRICAO) values ('4','1','1');
Insert into PERMISSAO (RECU_ID,PERF_ID,PERM_IN_COM_RESTRICAO) values ('5','1','1');
Insert into PERMISSAO (RECU_ID,PERF_ID,PERM_IN_COM_RESTRICAO) values ('6','1','1');
Insert into PERMISSAO (RECU_ID,PERF_ID,PERM_IN_COM_RESTRICAO) values ('7','1','1');
Insert into PERMISSAO (RECU_ID,PERF_ID,PERM_IN_COM_RESTRICAO) values ('8','1','1');
Insert into PERMISSAO (RECU_ID,PERF_ID,PERM_IN_COM_RESTRICAO) values ('11','1','1');
Insert into PERMISSAO (RECU_ID,PERF_ID,PERM_IN_COM_RESTRICAO) values ('13','1','0');
Insert into PERMISSAO (RECU_ID,PERF_ID,PERM_IN_COM_RESTRICAO) values ('14','1','0');
Insert into PERMISSAO (RECU_ID,PERF_ID,PERM_IN_COM_RESTRICAO) values ('19','1','1');
Insert into PERMISSAO (RECU_ID,PERF_ID,PERM_IN_COM_RESTRICAO) values ('20','1','1');
Insert into PERMISSAO (RECU_ID,PERF_ID,PERM_IN_COM_RESTRICAO) values ('21','1','1');
Insert into PERMISSAO (RECU_ID,PERF_ID,PERM_IN_COM_RESTRICAO) values ('22','1','0');
Insert into PERMISSAO (RECU_ID,PERF_ID,PERM_IN_COM_RESTRICAO) values ('44','1','0');
Insert into PERMISSAO (RECU_ID,PERF_ID,PERM_IN_COM_RESTRICAO) values ('50','1','0');
Insert into PERMISSAO (RECU_ID,PERF_ID,PERM_IN_COM_RESTRICAO) values ('60','1','0');
Insert into PERMISSAO (RECU_ID,PERF_ID,PERM_IN_COM_RESTRICAO) values ('62','1','0');
Insert into PERMISSAO (RECU_ID,PERF_ID,PERM_IN_COM_RESTRICAO) values ('63','1','0');
Insert into PERMISSAO (RECU_ID,PERF_ID,PERM_IN_COM_RESTRICAO) values ('75','1','0');
Insert into PERMISSAO (RECU_ID,PERF_ID,PERM_IN_COM_RESTRICAO) values ('78','1','0');
Insert into PERMISSAO (RECU_ID,PERF_ID,PERM_IN_COM_RESTRICAO) values ('86','1','0');
Insert into PERMISSAO (RECU_ID,PERF_ID,PERM_IN_COM_RESTRICAO) values ('90','1','0');
Insert into PERMISSAO (RECU_ID,PERF_ID,PERM_IN_COM_RESTRICAO) values ('107','1','0');
Insert into PERMISSAO (RECU_ID,PERF_ID,PERM_IN_COM_RESTRICAO) values ('108','1','0');
Insert into PERMISSAO (RECU_ID,PERF_ID,PERM_IN_COM_RESTRICAO) values ('110','1','0');
Insert into PERMISSAO (RECU_ID,PERF_ID,PERM_IN_COM_RESTRICAO) values ('122','1','0');
Insert into PERMISSAO (RECU_ID,PERF_ID,PERM_IN_COM_RESTRICAO) values ('123','1','0');
Insert into PERMISSAO (RECU_ID,PERF_ID,PERM_IN_COM_RESTRICAO) values ('124','1','0');
Insert into PERMISSAO (RECU_ID,PERF_ID,PERM_IN_COM_RESTRICAO) values ('125','1','0');
Insert into PERMISSAO (RECU_ID,PERF_ID,PERM_IN_COM_RESTRICAO) values ('126','1','0');
Insert into PERMISSAO (RECU_ID,PERF_ID,PERM_IN_COM_RESTRICAO) values ('127','1','0');
Insert into PERMISSAO (RECU_ID,PERF_ID,PERM_IN_COM_RESTRICAO) values ('135','1','0');
Insert into PERMISSAO (RECU_ID,PERF_ID,PERM_IN_COM_RESTRICAO) values ('136','1','0');
Insert into PERMISSAO (RECU_ID,PERF_ID,PERM_IN_COM_RESTRICAO) values ('137','1','1');
Insert into PERMISSAO (RECU_ID,PERF_ID,PERM_IN_COM_RESTRICAO) values ('193','1','0');
Insert into PERMISSAO (RECU_ID,PERF_ID,PERM_IN_COM_RESTRICAO) values ('195','1','0');
Insert into PERMISSAO (RECU_ID,PERF_ID,PERM_IN_COM_RESTRICAO) values ('3','2','1');
Insert into PERMISSAO (RECU_ID,PERF_ID,PERM_IN_COM_RESTRICAO) values ('4','2','1');
Insert into PERMISSAO (RECU_ID,PERF_ID,PERM_IN_COM_RESTRICAO) values ('5','2','1');
Insert into PERMISSAO (RECU_ID,PERF_ID,PERM_IN_COM_RESTRICAO) values ('9','2','1');
Insert into PERMISSAO (RECU_ID,PERF_ID,PERM_IN_COM_RESTRICAO) values ('10','2','1');
Insert into PERMISSAO (RECU_ID,PERF_ID,PERM_IN_COM_RESTRICAO) values ('14','2','0');
Insert into PERMISSAO (RECU_ID,PERF_ID,PERM_IN_COM_RESTRICAO) values ('15','2','0');
Insert into PERMISSAO (RECU_ID,PERF_ID,PERM_IN_COM_RESTRICAO) values ('22','2','0');
Insert into PERMISSAO (RECU_ID,PERF_ID,PERM_IN_COM_RESTRICAO) values ('128','2','0');
Insert into PERMISSAO (RECU_ID,PERF_ID,PERM_IN_COM_RESTRICAO) values ('129','2','0');
Insert into PERMISSAO (RECU_ID,PERF_ID,PERM_IN_COM_RESTRICAO) values ('130','2','0');
Insert into PERMISSAO (RECU_ID,PERF_ID,PERM_IN_COM_RESTRICAO) values ('131','2','0');
Insert into PERMISSAO (RECU_ID,PERF_ID,PERM_IN_COM_RESTRICAO) values ('4','24','0');
Insert into PERMISSAO (RECU_ID,PERF_ID,PERM_IN_COM_RESTRICAO) values ('5','24','0');
Insert into PERMISSAO (RECU_ID,PERF_ID,PERM_IN_COM_RESTRICAO) values ('8','24','0');
Insert into PERMISSAO (RECU_ID,PERF_ID,PERM_IN_COM_RESTRICAO) values ('132','24','0');
Insert into PERMISSAO (RECU_ID,PERF_ID,PERM_IN_COM_RESTRICAO) values ('12','3','0');

Insert into PERMISSAO (RECU_ID,PERF_ID,PERM_IN_COM_RESTRICAO) values ('91','5','0');
Insert into PERMISSAO (RECU_ID,PERF_ID,PERM_IN_COM_RESTRICAO) values ('91','26','0');

Insert into PERMISSAO (RECU_ID,PERF_ID,PERM_IN_COM_RESTRICAO) values ('71','15','0');

Insert into PERMISSAO (RECU_ID,PERF_ID,PERM_IN_COM_RESTRICAO) values ('216', '5', '0');
Insert into PERMISSAO (RECU_ID,PERF_ID,PERM_IN_COM_RESTRICAO) values ('217', '5', '0');

Insert into PERMISSAO (RECU_ID,PERF_ID,PERM_IN_COM_RESTRICAO) values ('219', '30', '0');

commit;
--REM INSERTING into CENTRO_TRANSPLANTE
--SET DEFINE OFF;
Insert into CENTRO_TRANSPLANTE (CETR_ID,CETR_TX_NOME,CETR_TX_CNPJ,CETR_TX_CNES,CETR_NR_ENTITY_STATUS,LABO_ID) values ('1','HOSPITAL DAS CLÍNICAS - UFPR','75095679000220','2384299','1',null);
commit;
--REM INSERTING into FUNCAO_CENTRO_TRANSPLANTE
--SET DEFINE OFF;
Insert into FUNCAO_CENTRO_TRANSPLANTE (CETR_ID,FUTR_ID) values ('1','2');
commit;
--REM INSERTING into LABORATORIO
--SET DEFINE OFF;
Insert into LABORATORIO (LABO_ID,LABO_TX_NOME,LABO_IN_FAZ_CT,LABO_NR_QUANT_EXAME_CT,LABO_TX_NOME_CONTATO,LABO_NR_ID_REDOMEWEB) values ('4','LABORATORIO REDOMENET WEB','1','200','Gestor Redome','152');
commit;
--REM INSERTING into CID
--SET DEFINE OFF;
Insert into CID (CID_ID,CID_TX_CODIGO,CID_IN_TRANSPLANTE,CID_NR_CURABILIDADE,CID_NR_Q_CONSTANTE,CID_NR_URGENCIA,CID_NR_IDADE_MINIMA,CID_NR_IDADE_MAXIMA) values ('1349','C82.7','1','66','15','65','0','60');
--REM INSERTING into CID_IDIOMA
--SET DEFINE OFF;
Insert into CID_IDIOMA (CID_ID,IDIO_ID,CIID_TX_DESCRICAO) values ('1349','1','Outros tipos de linfoma não-Hodgkin, folicular');
commit;
--REM INSERTING into MODRED.MOTIVO
--SET DEFINE OFF;
Insert into MOTIVO (MOTI_ID,MOTI_TX_DESCRICAO) values ('1','CADASTRO INICIAL DE PACIENTE');
Insert into MOTIVO (MOTI_ID,MOTI_TX_DESCRICAO) values ('3','ACOMPANHAMENTO TRIMESTRAL');
Insert into MOTIVO (MOTI_ID,MOTI_TX_DESCRICAO) values ('4','MUDANÇA DE TRATAMENTO');
Insert into MOTIVO (MOTI_ID,MOTI_TX_DESCRICAO) values ('5','ALTERAÇÃO DO ESTADO DO PACIENTE');
commit;

