INSERT INTO valor_dna_nmdp_valido (LOCU_ID, DNNM_TX_VALOR, VADN_TX_NOME_GRUPO, DNNM_IN_ATIVO) VALUES ('A', '01:01:02', 'DNA', 1);
INSERT INTO valor_dna_nmdp_valido (LOCU_ID, DNNM_TX_VALOR, VADN_TX_NOME_GRUPO, DNNM_IN_ATIVO) VALUES ('B', '35:251', 'DNA', 1);
INSERT INTO valor_dna_nmdp_valido (LOCU_ID, DNNM_TX_VALOR, VADN_TX_NOME_GRUPO, DNNM_IN_ATIVO) VALUES ('DRB1', '11:01:19', 'DNA', 1);
commit;

/*
Insert into PROCESSO (PROC_ID,PROC_DT_CRIACAO,PROC_DT_ATUALIZACAO,PROC_NR_TIPO,PACI_NR_RMR,PROC_NR_STATUS) values ('81328',to_timestamp('18/04/19 19:02:09,260000000','DD/MM/RR HH24:MI:SSXFF'),to_timestamp('18/04/19 19:02:09,260000000','DD/MM/RR HH24:MI:SSXFF'),'5','3059735','1');
Insert into PROCESSO (PROC_ID,PROC_DT_CRIACAO,PROC_DT_ATUALIZACAO,PROC_NR_TIPO,PACI_NR_RMR,PROC_NR_STATUS) values ('82042',to_timestamp('24/04/19 17:56:56,407000000','DD/MM/RR HH24:MI:SSXFF'),to_timestamp('24/04/19 17:56:56,407000000','DD/MM/RR HH24:MI:SSXFF'),'25','3059751','1');
COMMIT;


Insert into TAREFA (TARE_ID,PROC_ID,TARE_DT_CRIACAO,TARE_DT_ATUALIZACAO,TITA_ID,TARE_NR_STATUS,PERF_ID_RESPONSAVEL,CETR_ID_RESPONSAVEL,TARE_TX_DESCRICAO,USUA_ID_RESPONSAVEL,TARE_NR_RELACAO_ENTIDADE,TARE_DT_INICIO,TARE_DT_FIM,TARE_DT_HORA_INICIO,TARE_DT_HORA_FIM,TARE_IN_INCLUSIVO_EXCLUSIVO,TARE_IN_AGENDADO,USUA_ID_ULTIMO_RESPONSAVEL,TARE_NR_PARCEIRO,TARE_ID_TAREFA_PAI) values ('109903','81328',to_timestamp('17/04/19 11:00:05,199000000','DD/MM/RR HH24:MI:SSXFF'),to_timestamp('12/11/19 16:12:01,287000000','DD/MM/RR HH24:MI:SSXFF'),'9','1',5,null,null,null,'109902',null,null,null,null,null,'0',null,null,null);
Insert into TAREFA (TARE_ID,PROC_ID,TARE_DT_CRIACAO,TARE_DT_ATUALIZACAO,TITA_ID,TARE_NR_STATUS,PERF_ID_RESPONSAVEL,CETR_ID_RESPONSAVEL,TARE_TX_DESCRICAO,USUA_ID_RESPONSAVEL,TARE_NR_RELACAO_ENTIDADE,TARE_DT_INICIO,TARE_DT_FIM,TARE_DT_HORA_INICIO,TARE_DT_HORA_FIM,TARE_IN_INCLUSIVO_EXCLUSIVO,TARE_IN_AGENDADO,USUA_ID_ULTIMO_RESPONSAVEL,TARE_NR_PARCEIRO,TARE_ID_TAREFA_PAI) values ('555898','81328',to_timestamp('17/04/19 11:00:05,199000000','DD/MM/RR HH24:MI:SSXFF'),to_timestamp('12/11/19 16:12:01,287000000','DD/MM/RR HH24:MI:SSXFF'),'9','1',null,null,null,null,'109903',null,null,null,null,null,'0',null,null,null);

Insert into TAREFA (TARE_ID,PROC_ID,TARE_DT_CRIACAO,TARE_DT_ATUALIZACAO,TITA_ID,TARE_NR_STATUS,PERF_ID_RESPONSAVEL,CETR_ID_RESPONSAVEL,TARE_TX_DESCRICAO,USUA_ID_RESPONSAVEL,TARE_NR_RELACAO_ENTIDADE,TARE_DT_INICIO,TARE_DT_FIM,TARE_DT_HORA_INICIO,TARE_DT_HORA_FIM,TARE_IN_INCLUSIVO_EXCLUSIVO,TARE_IN_AGENDADO,USUA_ID_ULTIMO_RESPONSAVEL,TARE_NR_PARCEIRO,TARE_ID_TAREFA_PAI) values ('109904','81328',to_timestamp('17/04/19 11:00:05,199000000','DD/MM/RR HH24:MI:SSXFF'),to_timestamp('12/11/19 16:12:01,287000000','DD/MM/RR HH24:MI:SSXFF'),'9','1',5,null,null,null,'521',null,null,null,null,null,'0',null,null,null);
Insert into TAREFA (TARE_ID,PROC_ID,TARE_DT_CRIACAO,TARE_DT_ATUALIZACAO,TITA_ID,TARE_NR_STATUS,PERF_ID_RESPONSAVEL,CETR_ID_RESPONSAVEL,TARE_TX_DESCRICAO,USUA_ID_RESPONSAVEL,TARE_NR_RELACAO_ENTIDADE,TARE_DT_INICIO,TARE_DT_FIM,TARE_DT_HORA_INICIO,TARE_DT_HORA_FIM,TARE_IN_INCLUSIVO_EXCLUSIVO,TARE_IN_AGENDADO,USUA_ID_ULTIMO_RESPONSAVEL,TARE_NR_PARCEIRO,TARE_ID_TAREFA_PAI) values ('555899','81328',to_timestamp('17/04/19 11:00:05,199000000','DD/MM/RR HH24:MI:SSXFF'),to_timestamp('12/11/19 16:12:01,287000000','DD/MM/RR HH24:MI:SSXFF'),'9','1',null,null,null,null,'24721',null,null,null,null,null,'0',null,null,null);

commit;
*/


Insert into BUSCA (BUSC_ID,PACI_NR_RMR,USUA_ID,STBU_ID,PACI_IN_ACEITA_MISMATCH,CETR_ID_CENTRO_TRANSPLANTE,BUSC_DT_ANALISE) values ('42489','18839',null,'2',null,'16',null);
Insert into DOADOR (DOAD_NR_DMR,DOAD_TX_CPF,DOAD_TX_NOME,DOAD_TX_NOME_MAE,DOAD_IN_SEXO,RACA_ID,ETNI_ID,DOAD_TX_ABO,PAIS_ID,UF_SIGLA,USUA_ID,DOAD_DT_CADASTRO,DOAD_DT_ATUALIZACAO,DOAD_DT_NASCIMENTO,STDO_ID,MOSD_ID,DOAD_TX_NOME_SOCIAL,DOAD_TX_RG,DOAD_TX_ORGAO_EXPEDIDOR,DOAD_DT_RETORNO_INATIVIDADE,DOAD_VL_ALTURA,DOAD_VL_PESO,DOAD_TX_NOME_PAI,LABO_ID,DOAD_ID,DOAD_NR_IDADE,REGI_ID_ORIGEM,REGI_ID_PAGAMENTO,DOAD_IN_TIPO,DOAD_TX_ID_REGISTRO,DOAD_IN_EMDIS,DOAD_VL_QUANT_TOTAL_CD34,DOAD_VL_QUANT_TOTAL_TCN,BASC_ID,DOAD_TX_ID_BANCO_SANGUE_CORDAO,DOAD_VL_VOLUME,DOAD_VL_TOT_LINFOCITOS,DOAD_VL_TOT_MONOCITOS,DOAD_VL_TOT_GRANULOCITOS,DOAD_VL_PER_HEMATOCRITOS,DOAD_VL_TOT_ANTES,DOAD_VL_TOT_DEPOIS,DOAD_VL_TOT_REAL,DOAD_VL_QUANT_TOTAL_TCN_ANTES,DOAD_VL_TOT_PER_HEMATOCRITOS,HEEN_ID,DOAD_TX_FASE,DOAD_TX_GRID,DOAD_TX_NUMERO_HEMOCENTRO,DOAD_IN_FUMANTE,ESCI_ID) values ('3693893','34922701079','TESTE MODRED','MAE TESTE MODRED','M','1',null,'AB-','1','RJ','5',to_timestamp('17/05/19 11:31:45,796000000','DD/MM/RR HH24:MI:SSXFF'),to_timestamp('17/01/19 11:31:45,343000000','DD/MM/RR HH24:MI:SSXFF'),to_date('01/01/83','DD/MM/RR'),'1',null,null,'489883734','IFP',null,'1.79','85','PAI TESTE',null,'4419715','36','1',null,'1','3693893','0',null,null,null,null,null,null,null,null,null,null,null,null,null,null,null,'F1',null,'799',null,'1');
--Insert into MATCH (MATC_ID,MATC_IN_STATUS,BUSC_ID,DOAD_ID,MATC_IN_DISPONIBILIZADO) values ('24721','1','42489','4419715','0');
Insert into MATCH (MATC_ID,MATC_IN_STATUS,BUSC_ID,DOAD_ID,MATC_TX_GRADE,MATC_TX_MISMATCH,MATC_TX_GRADE_ANTES,MATC_TX_MISMATCH_ANTES,MATC_DT_MATCH,MATC_DT_ALTERACAO,TIPM_ID_DPB1,MATC_IN_DISPONIBILIZADO) values ('24721','1','42489','4419715',null,null,null,null,null,null,null,'0');
Insert into SOLICITACAO (SOLI_ID,TISO_ID,PACI_NR_RMR,USUA_ID,SOLI_DT_CRIACAO,SOLI_NR_STATUS,MATC_ID,BUSC_ID,TIEX_ID,LABO_ID,SOLI_IN_RESOLVER_DIVERGENCIA, SOLI_IN_POSCOLETA, SOLI_IN_CONTAGEM_CELULA) values ('8523','1',null,'5',to_timestamp('17/05/19 11:44:11,411000000','DD/MM/RR HH24:MI:SSXFF'),'1','24721',null,'3','4',null, 0, 0);
Insert into PEDIDO_EXAME (PEEX_ID,PEEX_DT_CRIACAO,SOLI_ID,EXAM_ID,TIEX_ID,LABO_ID,STPX_ID,PEEX_DT_COLETA_AMOSTRA,PEEX_DT_RECEBIMENTO_AMOSTRA,PEEX_IN_OWNER,PEEX_TX_JUSTIFICATIVA,EXAM_ID_DOADOR_INTERNACIONAL,PEEX_DT_CANCELAMENTO,EXAM_ID_CORDAO_INTERNACIONAL,PEEX_DT_ABERTURA_DIVERGENCIA,PEEX_DT_CONCLUSAO_DIVERGENCIA) values ('109902',to_timestamp('21/05/19 15:09:50,143000000','DD/MM/RR HH24:MI:SSXFF'),'8523',null,'3',null,'9',null,null,'DOADOR',null,null,null,null,null,null);
Insert into PACIENTE (PACI_NR_RMR,PACI_TX_CPF,PACI_TX_CNS,PACI_TX_NOME,PACI_TX_NOME_MAE,PACI_IN_SEXO,RACA_ID,ETNI_ID,PACI_TX_ABO,PAIS_ID,UF_SIGLA,PACI_TX_EMAIL,USUA_ID,PACI_DT_CADASTRO,PACI_DT_NASCIMENTO,RESP_ID,CETR_ID_AVALIADOR,MEDI_ID_RESPONSAVEL,PACI_IN_ACEITA_MISMATCH,PACI_TX_NOME_FONETIZADO,PACI_NR_SCORE,STPA_ID,PACI_NR_TEMPO_TRANSPLANTE,PACI_NR_WMDA,PACI_DT_ENVIO_EMDIS) values ('18839','01551597713','709602606932776','MONICA OLIVEIRA ALVES DA SILVA',null,'F','1',null,'B+','1','RJ',null,'1',to_timestamp('29/07/16 00:00:00,000000000','DD/MM/RR HH24:MI:SSXFF'),to_date('12/11/69','DD/MM/RR'),null,'37','1','0','MONICA OLIVEIRA ALVES DA SILVA',null,'8',null,null,to_date('01/01/00','DD/MM/RR'));
Insert into EVOLUCAO (EVOL_ID,EVOL_DT_CRIACAO,MOTI_ID,EVOL_VL_PESO,EVOL_VL_ALTURA,EVOL_IN_CMV,EVOL_TX_TRATAMENTO_ANTERIOR,EVOL_TX_TRATAMENTO_ATUAL,EVOL_TX_CONDICAO_ATUAL,COPA_ID,ESDO_ID,PACI_NR_RMR,USUA_ID,EVOL_IN_EXAME_ANTICORPO,EVOL_DT_EXAME_ANTICORPO,EVOL_TX_EXAME_ANTICORPO) values ('63489',to_timestamp('04/12/06 20:20:18,000000000','DD/MM/RR HH24:MI:SSXFF'),'1','600','1.6',null,'CALGB 2111 INCOMPLETO TÉRMINO DO TRATAMENTO EM 2004','SEM TRATAMENTO','teste','1','1','18839','1','0',null,null);
commit;


Insert into SOLICITACAO (SOLI_ID,TISO_ID,PACI_NR_RMR,USUA_ID,SOLI_DT_CRIACAO,SOLI_NR_STATUS,MATC_ID,BUSC_ID,TIEX_ID,LABO_ID,SOLI_IN_RESOLVER_DIVERGENCIA, SOLI_IN_POSCOLETA, SOLI_IN_CONTAGEM_CELULA) values ('8524','1',null,'5',to_timestamp('17/05/19 11:44:11,411000000','DD/MM/RR HH24:MI:SSXFF'),'1','24721',null,'3','4',null,0 ,0);
Insert into PEDIDO_IDM (PEID_ID,PEID_DT_CRIACAO,SOLI_ID,STPI_ID,PEID_DT_CANCELAMENTO) values ('521',to_timestamp('02/12/19 16:45:38,580000000','DD/MM/RR HH24:MI:SSXFF'),'8523','0',null);
Insert into PACIENTE (PACI_NR_RMR,PACI_TX_CPF,PACI_TX_CNS,PACI_TX_NOME,PACI_TX_NOME_MAE,PACI_IN_SEXO,RACA_ID,ETNI_ID,PACI_TX_ABO,PAIS_ID,UF_SIGLA,PACI_TX_EMAIL,USUA_ID,PACI_DT_CADASTRO,PACI_DT_NASCIMENTO,RESP_ID,CETR_ID_AVALIADOR,MEDI_ID_RESPONSAVEL,PACI_IN_ACEITA_MISMATCH,PACI_TX_NOME_FONETIZADO,PACI_NR_SCORE,STPA_ID,PACI_NR_TEMPO_TRANSPLANTE,PACI_NR_WMDA,PACI_DT_ENVIO_EMDIS) values ('18840','01551597713','709602606932776','MONICA OLIVEIRA ALVES DA SILVA',null,'F','1',null,'B+','1','RJ',null,'1',to_timestamp('29/07/16 00:00:00,000000000','DD/MM/RR HH24:MI:SSXFF'),to_date('12/11/69','DD/MM/RR'),null,'37','2051','0','MONICA OLIVEIRA ALVES DA SILVA',null,'8',null,null,to_date('01/01/00','DD/MM/RR'));
--Insert into MEDICO (MEDI_ID,MEDI_TX_CRM,MEDI_TX_NOME,USUA_ID,CETR_ID,MEDI_TX_ARQUIVO_CRM) values ('2052','52 79731-6','THAÍS FERRAZ AGUIAR','1',null,'arquivo.txt');
commit;




Insert into GENOTIPO_PACIENTE (GEPA_ID,GEPA_DT_ALTERACAO,GEPA_IN_EXCLUIDO,PACI_NR_RMR) values ('6302',to_timestamp('20/08/19 10:36:07,010000000','DD/MM/RR HH24:MI:SSXFF'),'0','18839');
Insert into VALOR_GENOTIPO_BUSCA_PACIENTE (VGBP_ID,LOCU_ID,VGBP_NR_POSICAO,VGBP_NR_TIPO,GEPA_ID,VGBP_TX_VALOR) values ('913653607','A','1','5','6302','02:01');
Insert into VALOR_GENOTIPO_BUSCA_PACIENTE (VGBP_ID,LOCU_ID,VGBP_NR_POSICAO,VGBP_NR_TIPO,GEPA_ID,VGBP_TX_VALOR) values ('913653608','A','1','5','6302','02:09');
Insert into VALOR_GENOTIPO_BUSCA_PACIENTE (VGBP_ID,LOCU_ID,VGBP_NR_POSICAO,VGBP_NR_TIPO,GEPA_ID,VGBP_TX_VALOR) values ('913653609','A','1','5','6302','02:43N');
Insert into VALOR_GENOTIPO_BUSCA_PACIENTE (VGBP_ID,LOCU_ID,VGBP_NR_POSICAO,VGBP_NR_TIPO,GEPA_ID,VGBP_TX_VALOR) values ('913653610','A','1','5','6302','02:66');
Insert into VALOR_GENOTIPO_BUSCA_PACIENTE (VGBP_ID,LOCU_ID,VGBP_NR_POSICAO,VGBP_NR_TIPO,GEPA_ID,VGBP_TX_VALOR) values ('913653611','A','1','5','6302','02:75');
Insert into VALOR_GENOTIPO_BUSCA_PACIENTE (VGBP_ID,LOCU_ID,VGBP_NR_POSICAO,VGBP_NR_TIPO,GEPA_ID,VGBP_TX_VALOR) values ('913653612','A','1','5','6302','02:83N');
Insert into VALOR_GENOTIPO_BUSCA_PACIENTE (VGBP_ID,LOCU_ID,VGBP_NR_POSICAO,VGBP_NR_TIPO,GEPA_ID,VGBP_TX_VALOR) values ('913653613','A','1','5','6302','02:89');
Insert into VALOR_GENOTIPO_BUSCA_PACIENTE (VGBP_ID,LOCU_ID,VGBP_NR_POSICAO,VGBP_NR_TIPO,GEPA_ID,VGBP_TX_VALOR) values ('913653614','A','1','5','6302','02:97');
Insert into VALOR_GENOTIPO_BUSCA_PACIENTE (VGBP_ID,LOCU_ID,VGBP_NR_POSICAO,VGBP_NR_TIPO,GEPA_ID,VGBP_TX_VALOR) values ('913653615','A','1','5','6302','02:132');
Insert into VALOR_GENOTIPO_BUSCA_PACIENTE (VGBP_ID,LOCU_ID,VGBP_NR_POSICAO,VGBP_NR_TIPO,GEPA_ID,VGBP_TX_VALOR) values ('913653616','A','1','5','6302','02:134');
Insert into VALOR_GENOTIPO_BUSCA_PACIENTE (VGBP_ID,LOCU_ID,VGBP_NR_POSICAO,VGBP_NR_TIPO,GEPA_ID,VGBP_TX_VALOR) values ('913653617','A','1','5','6302','02:140');
Insert into VALOR_GENOTIPO_BUSCA_PACIENTE (VGBP_ID,LOCU_ID,VGBP_NR_POSICAO,VGBP_NR_TIPO,GEPA_ID,VGBP_TX_VALOR) values ('913653618','A','1','5','6302','02:241');
Insert into VALOR_GENOTIPO_BUSCA_PACIENTE (VGBP_ID,LOCU_ID,VGBP_NR_POSICAO,VGBP_NR_TIPO,GEPA_ID,VGBP_TX_VALOR) values ('913653619','A','1','5','6302','02:252');
Insert into VALOR_GENOTIPO_BUSCA_PACIENTE (VGBP_ID,LOCU_ID,VGBP_NR_POSICAO,VGBP_NR_TIPO,GEPA_ID,VGBP_TX_VALOR) values ('913653620','A','1','5','6302','02:256');
Insert into VALOR_GENOTIPO_BUSCA_PACIENTE (VGBP_ID,LOCU_ID,VGBP_NR_POSICAO,VGBP_NR_TIPO,GEPA_ID,VGBP_TX_VALOR) values ('913653621','A','1','5','6302','02:266');
Insert into VALOR_GENOTIPO_BUSCA_PACIENTE (VGBP_ID,LOCU_ID,VGBP_NR_POSICAO,VGBP_NR_TIPO,GEPA_ID,VGBP_TX_VALOR) values ('913653622','A','1','5','6302','02:291');
Insert into VALOR_GENOTIPO_BUSCA_PACIENTE (VGBP_ID,LOCU_ID,VGBP_NR_POSICAO,VGBP_NR_TIPO,GEPA_ID,VGBP_TX_VALOR) values ('913653623','A','1','5','6302','02:294');
Insert into VALOR_GENOTIPO_BUSCA_PACIENTE (VGBP_ID,LOCU_ID,VGBP_NR_POSICAO,VGBP_NR_TIPO,GEPA_ID,VGBP_TX_VALOR) values ('913653624','A','1','5','6302','02:305N');
Insert into VALOR_GENOTIPO_BUSCA_PACIENTE (VGBP_ID,LOCU_ID,VGBP_NR_POSICAO,VGBP_NR_TIPO,GEPA_ID,VGBP_TX_VALOR) values ('913653625','A','1','5','6302','02:327');
Insert into VALOR_GENOTIPO_BUSCA_PACIENTE (VGBP_ID,LOCU_ID,VGBP_NR_POSICAO,VGBP_NR_TIPO,GEPA_ID,VGBP_TX_VALOR) values ('913653626','A','1','5','6302','02:329');
Insert into VALOR_GENOTIPO_BUSCA_PACIENTE (VGBP_ID,LOCU_ID,VGBP_NR_POSICAO,VGBP_NR_TIPO,GEPA_ID,VGBP_TX_VALOR) values ('913653627','A','1','5','6302','02:356N');
Insert into VALOR_GENOTIPO_BUSCA_PACIENTE (VGBP_ID,LOCU_ID,VGBP_NR_POSICAO,VGBP_NR_TIPO,GEPA_ID,VGBP_TX_VALOR) values ('913653628','A','1','5','6302','02:357');
Insert into VALOR_GENOTIPO_BUSCA_PACIENTE (VGBP_ID,LOCU_ID,VGBP_NR_POSICAO,VGBP_NR_TIPO,GEPA_ID,VGBP_TX_VALOR) values ('913653629','A','1','5','6302','02:397');
Insert into VALOR_GENOTIPO_BUSCA_PACIENTE (VGBP_ID,LOCU_ID,VGBP_NR_POSICAO,VGBP_NR_TIPO,GEPA_ID,VGBP_TX_VALOR) values ('913653630','A','1','5','6302','02:411');
Insert into VALOR_GENOTIPO_BUSCA_PACIENTE (VGBP_ID,LOCU_ID,VGBP_NR_POSICAO,VGBP_NR_TIPO,GEPA_ID,VGBP_TX_VALOR) values ('913653631','A','1','5','6302','02:446');
Insert into VALOR_GENOTIPO_BUSCA_PACIENTE (VGBP_ID,LOCU_ID,VGBP_NR_POSICAO,VGBP_NR_TIPO,GEPA_ID,VGBP_TX_VALOR) values ('913653632','A','1','5','6302','02:455');
Insert into VALOR_GENOTIPO_BUSCA_PACIENTE (VGBP_ID,LOCU_ID,VGBP_NR_POSICAO,VGBP_NR_TIPO,GEPA_ID,VGBP_TX_VALOR) values ('913653633','A','1','5','6302','02:469');
Insert into VALOR_GENOTIPO_BUSCA_PACIENTE (VGBP_ID,LOCU_ID,VGBP_NR_POSICAO,VGBP_NR_TIPO,GEPA_ID,VGBP_TX_VALOR) values ('913653634','A','1','5','6302','02:481');
Insert into VALOR_GENOTIPO_BUSCA_PACIENTE (VGBP_ID,LOCU_ID,VGBP_NR_POSICAO,VGBP_NR_TIPO,GEPA_ID,VGBP_TX_VALOR) values ('913653635','A','1','5','6302','02:538');
Insert into VALOR_GENOTIPO_BUSCA_PACIENTE (VGBP_ID,LOCU_ID,VGBP_NR_POSICAO,VGBP_NR_TIPO,GEPA_ID,VGBP_TX_VALOR) values ('913653636','A','1','5','6302','02:559');
Insert into VALOR_GENOTIPO_BUSCA_PACIENTE (VGBP_ID,LOCU_ID,VGBP_NR_POSICAO,VGBP_NR_TIPO,GEPA_ID,VGBP_TX_VALOR) values ('913653637','A','1','5','6302','02:607');
Insert into VALOR_GENOTIPO_BUSCA_PACIENTE (VGBP_ID,LOCU_ID,VGBP_NR_POSICAO,VGBP_NR_TIPO,GEPA_ID,VGBP_TX_VALOR) values ('913653638','A','1','5','6302','02:608N');
Insert into VALOR_GENOTIPO_BUSCA_PACIENTE (VGBP_ID,LOCU_ID,VGBP_NR_POSICAO,VGBP_NR_TIPO,GEPA_ID,VGBP_TX_VALOR) values ('913653639','A','1','5','6302','02:614');
Insert into VALOR_GENOTIPO_BUSCA_PACIENTE (VGBP_ID,LOCU_ID,VGBP_NR_POSICAO,VGBP_NR_TIPO,GEPA_ID,VGBP_TX_VALOR) values ('913653640','A','1','5','6302','02:629');
Insert into VALOR_GENOTIPO_BUSCA_PACIENTE (VGBP_ID,LOCU_ID,VGBP_NR_POSICAO,VGBP_NR_TIPO,GEPA_ID,VGBP_TX_VALOR) values ('913653641','A','1','5','6302','02:642');
Insert into VALOR_GENOTIPO_BUSCA_PACIENTE (VGBP_ID,LOCU_ID,VGBP_NR_POSICAO,VGBP_NR_TIPO,GEPA_ID,VGBP_TX_VALOR) values ('913653642','A','1','5','6302','02:665');
Insert into VALOR_GENOTIPO_BUSCA_PACIENTE (VGBP_ID,LOCU_ID,VGBP_NR_POSICAO,VGBP_NR_TIPO,GEPA_ID,VGBP_TX_VALOR) values ('913653643','A','1','5','6302','02:675N');
Insert into VALOR_GENOTIPO_BUSCA_PACIENTE (VGBP_ID,LOCU_ID,VGBP_NR_POSICAO,VGBP_NR_TIPO,GEPA_ID,VGBP_TX_VALOR) values ('913653644','A','1','5','6302','02:685');
Insert into VALOR_GENOTIPO_BUSCA_PACIENTE (VGBP_ID,LOCU_ID,VGBP_NR_POSICAO,VGBP_NR_TIPO,GEPA_ID,VGBP_TX_VALOR) values ('913653645','A','1','5','6302','02:686');
Insert into VALOR_GENOTIPO_BUSCA_PACIENTE (VGBP_ID,LOCU_ID,VGBP_NR_POSICAO,VGBP_NR_TIPO,GEPA_ID,VGBP_TX_VALOR) values ('913653646','A','1','5','6302','02:687');
Insert into VALOR_GENOTIPO_BUSCA_PACIENTE (VGBP_ID,LOCU_ID,VGBP_NR_POSICAO,VGBP_NR_TIPO,GEPA_ID,VGBP_TX_VALOR) values ('913653647','A','1','5','6302','02:689');
Insert into VALOR_GENOTIPO_BUSCA_PACIENTE (VGBP_ID,LOCU_ID,VGBP_NR_POSICAO,VGBP_NR_TIPO,GEPA_ID,VGBP_TX_VALOR) values ('913653648','A','1','5','6302','02:690');
Insert into VALOR_GENOTIPO_BUSCA_PACIENTE (VGBP_ID,LOCU_ID,VGBP_NR_POSICAO,VGBP_NR_TIPO,GEPA_ID,VGBP_TX_VALOR) values ('913653649','A','1','5','6302','02:691N');
Insert into VALOR_GENOTIPO_BUSCA_PACIENTE (VGBP_ID,LOCU_ID,VGBP_NR_POSICAO,VGBP_NR_TIPO,GEPA_ID,VGBP_TX_VALOR) values ('913653650','A','1','5','6302','02:692');
Insert into VALOR_GENOTIPO_BUSCA_PACIENTE (VGBP_ID,LOCU_ID,VGBP_NR_POSICAO,VGBP_NR_TIPO,GEPA_ID,VGBP_TX_VALOR) values ('913653651','A','1','5','6302','02:704');
Insert into VALOR_GENOTIPO_BUSCA_PACIENTE (VGBP_ID,LOCU_ID,VGBP_NR_POSICAO,VGBP_NR_TIPO,GEPA_ID,VGBP_TX_VALOR) values ('913653652','A','1','5','6302','02:716');
Insert into VALOR_GENOTIPO_BUSCA_PACIENTE (VGBP_ID,LOCU_ID,VGBP_NR_POSICAO,VGBP_NR_TIPO,GEPA_ID,VGBP_TX_VALOR) values ('913653653','A','1','5','6302','02:719');
Insert into VALOR_GENOTIPO_BUSCA_PACIENTE (VGBP_ID,LOCU_ID,VGBP_NR_POSICAO,VGBP_NR_TIPO,GEPA_ID,VGBP_TX_VALOR) values ('913653654','A','1','5','6302','02:720');
Insert into VALOR_GENOTIPO_BUSCA_PACIENTE (VGBP_ID,LOCU_ID,VGBP_NR_POSICAO,VGBP_NR_TIPO,GEPA_ID,VGBP_TX_VALOR) values ('913653655','A','1','5','6302','02:722');
Insert into VALOR_GENOTIPO_BUSCA_PACIENTE (VGBP_ID,LOCU_ID,VGBP_NR_POSICAO,VGBP_NR_TIPO,GEPA_ID,VGBP_TX_VALOR) values ('913653656','A','1','5','6302','02:724');
Insert into VALOR_GENOTIPO_BUSCA_PACIENTE (VGBP_ID,LOCU_ID,VGBP_NR_POSICAO,VGBP_NR_TIPO,GEPA_ID,VGBP_TX_VALOR) values ('913653657','A','1','5','6302','02:726');
Insert into VALOR_GENOTIPO_BUSCA_PACIENTE (VGBP_ID,LOCU_ID,VGBP_NR_POSICAO,VGBP_NR_TIPO,GEPA_ID,VGBP_TX_VALOR) values ('913653658','A','1','5','6302','02:739');
Insert into VALOR_GENOTIPO_BUSCA_PACIENTE (VGBP_ID,LOCU_ID,VGBP_NR_POSICAO,VGBP_NR_TIPO,GEPA_ID,VGBP_TX_VALOR) values ('913653659','A','1','5','6302','02:740');
Insert into VALOR_GENOTIPO_BUSCA_PACIENTE (VGBP_ID,LOCU_ID,VGBP_NR_POSICAO,VGBP_NR_TIPO,GEPA_ID,VGBP_TX_VALOR) values ('913653660','A','1','5','6302','02:742');
Insert into VALOR_GENOTIPO_BUSCA_PACIENTE (VGBP_ID,LOCU_ID,VGBP_NR_POSICAO,VGBP_NR_TIPO,GEPA_ID,VGBP_TX_VALOR) values ('913653661','A','1','5','6302','02:744');
Insert into VALOR_GENOTIPO_BUSCA_PACIENTE (VGBP_ID,LOCU_ID,VGBP_NR_POSICAO,VGBP_NR_TIPO,GEPA_ID,VGBP_TX_VALOR) values ('913653662','A','1','5','6302','02:753');
Insert into VALOR_GENOTIPO_BUSCA_PACIENTE (VGBP_ID,LOCU_ID,VGBP_NR_POSICAO,VGBP_NR_TIPO,GEPA_ID,VGBP_TX_VALOR) values ('913653663','A','1','5','6302','02:755');
Insert into VALOR_GENOTIPO_BUSCA_PACIENTE (VGBP_ID,LOCU_ID,VGBP_NR_POSICAO,VGBP_NR_TIPO,GEPA_ID,VGBP_TX_VALOR) values ('913653664','A','1','5','6302','02:761');
Insert into VALOR_GENOTIPO_BUSCA_PACIENTE (VGBP_ID,LOCU_ID,VGBP_NR_POSICAO,VGBP_NR_TIPO,GEPA_ID,VGBP_TX_VALOR) values ('913653665','A','1','5','6302','02:762');
Insert into VALOR_GENOTIPO_BUSCA_PACIENTE (VGBP_ID,LOCU_ID,VGBP_NR_POSICAO,VGBP_NR_TIPO,GEPA_ID,VGBP_TX_VALOR) values ('913653666','A','1','5','6302','02:763');
Insert into VALOR_GENOTIPO_BUSCA_PACIENTE (VGBP_ID,LOCU_ID,VGBP_NR_POSICAO,VGBP_NR_TIPO,GEPA_ID,VGBP_TX_VALOR) values ('913653667','A','1','5','6302','02:765');
Insert into VALOR_GENOTIPO_BUSCA_PACIENTE (VGBP_ID,LOCU_ID,VGBP_NR_POSICAO,VGBP_NR_TIPO,GEPA_ID,VGBP_TX_VALOR) values ('913653668','A','1','5','6302','02:776');
Insert into VALOR_GENOTIPO_BUSCA_PACIENTE (VGBP_ID,LOCU_ID,VGBP_NR_POSICAO,VGBP_NR_TIPO,GEPA_ID,VGBP_TX_VALOR) values ('913653669','A','1','5','6302','02:779');
Insert into VALOR_GENOTIPO_BUSCA_PACIENTE (VGBP_ID,LOCU_ID,VGBP_NR_POSICAO,VGBP_NR_TIPO,GEPA_ID,VGBP_TX_VALOR) values ('913653670','A','1','5','6302','02:786');
Insert into VALOR_GENOTIPO_BUSCA_PACIENTE (VGBP_ID,LOCU_ID,VGBP_NR_POSICAO,VGBP_NR_TIPO,GEPA_ID,VGBP_TX_VALOR) values ('913653671','A','1','5','6302','02:792N');
Insert into VALOR_GENOTIPO_BUSCA_PACIENTE (VGBP_ID,LOCU_ID,VGBP_NR_POSICAO,VGBP_NR_TIPO,GEPA_ID,VGBP_TX_VALOR) values ('913653672','A','1','5','6302','02:793N');
Insert into VALOR_GENOTIPO_BUSCA_PACIENTE (VGBP_ID,LOCU_ID,VGBP_NR_POSICAO,VGBP_NR_TIPO,GEPA_ID,VGBP_TX_VALOR) values ('913653673','A','1','5','6302','02:794');
Insert into VALOR_GENOTIPO_BUSCA_PACIENTE (VGBP_ID,LOCU_ID,VGBP_NR_POSICAO,VGBP_NR_TIPO,GEPA_ID,VGBP_TX_VALOR) values ('913653674','A','1','5','6302','02:795');
Insert into VALOR_GENOTIPO_BUSCA_PACIENTE (VGBP_ID,LOCU_ID,VGBP_NR_POSICAO,VGBP_NR_TIPO,GEPA_ID,VGBP_TX_VALOR) values ('913653675','A','1','5','6302','02:810');
Insert into VALOR_GENOTIPO_BUSCA_PACIENTE (VGBP_ID,LOCU_ID,VGBP_NR_POSICAO,VGBP_NR_TIPO,GEPA_ID,VGBP_TX_VALOR) values ('913653676','A','1','5','6302','02:812');
Insert into VALOR_GENOTIPO_BUSCA_PACIENTE (VGBP_ID,LOCU_ID,VGBP_NR_POSICAO,VGBP_NR_TIPO,GEPA_ID,VGBP_TX_VALOR) values ('913653677','A','1','5','6302','02:819');
Insert into VALOR_GENOTIPO_BUSCA_PACIENTE (VGBP_ID,LOCU_ID,VGBP_NR_POSICAO,VGBP_NR_TIPO,GEPA_ID,VGBP_TX_VALOR) values ('913653678','A','1','5','6302','02:820');
Insert into VALOR_GENOTIPO_BUSCA_PACIENTE (VGBP_ID,LOCU_ID,VGBP_NR_POSICAO,VGBP_NR_TIPO,GEPA_ID,VGBP_TX_VALOR) values ('913653679','A','1','5','6302','02:823');
Insert into VALOR_GENOTIPO_BUSCA_PACIENTE (VGBP_ID,LOCU_ID,VGBP_NR_POSICAO,VGBP_NR_TIPO,GEPA_ID,VGBP_TX_VALOR) values ('913653680','A','1','5','6302','02:824');
Insert into VALOR_GENOTIPO_BUSCA_PACIENTE (VGBP_ID,LOCU_ID,VGBP_NR_POSICAO,VGBP_NR_TIPO,GEPA_ID,VGBP_TX_VALOR) values ('913653681','A','1','5','6302','02:825');
Insert into VALOR_GENOTIPO_BUSCA_PACIENTE (VGBP_ID,LOCU_ID,VGBP_NR_POSICAO,VGBP_NR_TIPO,GEPA_ID,VGBP_TX_VALOR) values ('913653682','A','2','5','6302','02:01');
Insert into VALOR_GENOTIPO_BUSCA_PACIENTE (VGBP_ID,LOCU_ID,VGBP_NR_POSICAO,VGBP_NR_TIPO,GEPA_ID,VGBP_TX_VALOR) values ('913653683','A','2','5','6302','02:09');
Insert into VALOR_GENOTIPO_BUSCA_PACIENTE (VGBP_ID,LOCU_ID,VGBP_NR_POSICAO,VGBP_NR_TIPO,GEPA_ID,VGBP_TX_VALOR) values ('913653684','A','2','5','6302','02:43N');
Insert into VALOR_GENOTIPO_BUSCA_PACIENTE (VGBP_ID,LOCU_ID,VGBP_NR_POSICAO,VGBP_NR_TIPO,GEPA_ID,VGBP_TX_VALOR) values ('913653685','A','2','5','6302','02:66');
Insert into VALOR_GENOTIPO_BUSCA_PACIENTE (VGBP_ID,LOCU_ID,VGBP_NR_POSICAO,VGBP_NR_TIPO,GEPA_ID,VGBP_TX_VALOR) values ('913653686','A','2','5','6302','02:75');
Insert into VALOR_GENOTIPO_BUSCA_PACIENTE (VGBP_ID,LOCU_ID,VGBP_NR_POSICAO,VGBP_NR_TIPO,GEPA_ID,VGBP_TX_VALOR) values ('913653687','A','2','5','6302','02:83N');
Insert into VALOR_GENOTIPO_BUSCA_PACIENTE (VGBP_ID,LOCU_ID,VGBP_NR_POSICAO,VGBP_NR_TIPO,GEPA_ID,VGBP_TX_VALOR) values ('913653688','A','2','5','6302','02:89');
Insert into VALOR_GENOTIPO_BUSCA_PACIENTE (VGBP_ID,LOCU_ID,VGBP_NR_POSICAO,VGBP_NR_TIPO,GEPA_ID,VGBP_TX_VALOR) values ('913653689','A','2','5','6302','02:97');
Insert into VALOR_GENOTIPO_BUSCA_PACIENTE (VGBP_ID,LOCU_ID,VGBP_NR_POSICAO,VGBP_NR_TIPO,GEPA_ID,VGBP_TX_VALOR) values ('913653690','A','2','5','6302','02:132');
Insert into VALOR_GENOTIPO_BUSCA_PACIENTE (VGBP_ID,LOCU_ID,VGBP_NR_POSICAO,VGBP_NR_TIPO,GEPA_ID,VGBP_TX_VALOR) values ('913653691','A','2','5','6302','02:134');
Insert into VALOR_GENOTIPO_BUSCA_PACIENTE (VGBP_ID,LOCU_ID,VGBP_NR_POSICAO,VGBP_NR_TIPO,GEPA_ID,VGBP_TX_VALOR) values ('913653692','A','2','5','6302','02:140');
Insert into VALOR_GENOTIPO_BUSCA_PACIENTE (VGBP_ID,LOCU_ID,VGBP_NR_POSICAO,VGBP_NR_TIPO,GEPA_ID,VGBP_TX_VALOR) values ('913653693','A','2','5','6302','02:241');
Insert into VALOR_GENOTIPO_BUSCA_PACIENTE (VGBP_ID,LOCU_ID,VGBP_NR_POSICAO,VGBP_NR_TIPO,GEPA_ID,VGBP_TX_VALOR) values ('913653694','A','2','5','6302','02:252');
Insert into VALOR_GENOTIPO_BUSCA_PACIENTE (VGBP_ID,LOCU_ID,VGBP_NR_POSICAO,VGBP_NR_TIPO,GEPA_ID,VGBP_TX_VALOR) values ('913653695','A','2','5','6302','02:256');
Insert into VALOR_GENOTIPO_BUSCA_PACIENTE (VGBP_ID,LOCU_ID,VGBP_NR_POSICAO,VGBP_NR_TIPO,GEPA_ID,VGBP_TX_VALOR) values ('913653696','A','2','5','6302','02:266');
Insert into VALOR_GENOTIPO_BUSCA_PACIENTE (VGBP_ID,LOCU_ID,VGBP_NR_POSICAO,VGBP_NR_TIPO,GEPA_ID,VGBP_TX_VALOR) values ('913653697','A','2','5','6302','02:291');
Insert into VALOR_GENOTIPO_BUSCA_PACIENTE (VGBP_ID,LOCU_ID,VGBP_NR_POSICAO,VGBP_NR_TIPO,GEPA_ID,VGBP_TX_VALOR) values ('913653698','A','2','5','6302','02:294');
Insert into VALOR_GENOTIPO_BUSCA_PACIENTE (VGBP_ID,LOCU_ID,VGBP_NR_POSICAO,VGBP_NR_TIPO,GEPA_ID,VGBP_TX_VALOR) values ('913653699','A','2','5','6302','02:305N');
Insert into VALOR_GENOTIPO_BUSCA_PACIENTE (VGBP_ID,LOCU_ID,VGBP_NR_POSICAO,VGBP_NR_TIPO,GEPA_ID,VGBP_TX_VALOR) values ('913653700','A','2','5','6302','02:327');
Insert into VALOR_GENOTIPO_BUSCA_PACIENTE (VGBP_ID,LOCU_ID,VGBP_NR_POSICAO,VGBP_NR_TIPO,GEPA_ID,VGBP_TX_VALOR) values ('913653701','A','2','5','6302','02:329');
Insert into VALOR_GENOTIPO_BUSCA_PACIENTE (VGBP_ID,LOCU_ID,VGBP_NR_POSICAO,VGBP_NR_TIPO,GEPA_ID,VGBP_TX_VALOR) values ('913653702','A','2','5','6302','02:356N');
Insert into VALOR_GENOTIPO_BUSCA_PACIENTE (VGBP_ID,LOCU_ID,VGBP_NR_POSICAO,VGBP_NR_TIPO,GEPA_ID,VGBP_TX_VALOR) values ('913653703','A','2','5','6302','02:357');
Insert into VALOR_GENOTIPO_BUSCA_PACIENTE (VGBP_ID,LOCU_ID,VGBP_NR_POSICAO,VGBP_NR_TIPO,GEPA_ID,VGBP_TX_VALOR) values ('913653704','A','2','5','6302','02:397');
Insert into VALOR_GENOTIPO_BUSCA_PACIENTE (VGBP_ID,LOCU_ID,VGBP_NR_POSICAO,VGBP_NR_TIPO,GEPA_ID,VGBP_TX_VALOR) values ('913653705','A','2','5','6302','02:411');
Insert into VALOR_GENOTIPO_BUSCA_PACIENTE (VGBP_ID,LOCU_ID,VGBP_NR_POSICAO,VGBP_NR_TIPO,GEPA_ID,VGBP_TX_VALOR) values ('913653706','A','2','5','6302','02:446');
Insert into VALOR_GENOTIPO_BUSCA_PACIENTE (VGBP_ID,LOCU_ID,VGBP_NR_POSICAO,VGBP_NR_TIPO,GEPA_ID,VGBP_TX_VALOR) values ('913653707','A','2','5','6302','02:455');
Insert into VALOR_GENOTIPO_BUSCA_PACIENTE (VGBP_ID,LOCU_ID,VGBP_NR_POSICAO,VGBP_NR_TIPO,GEPA_ID,VGBP_TX_VALOR) values ('913653708','A','2','5','6302','02:469');
Insert into VALOR_GENOTIPO_BUSCA_PACIENTE (VGBP_ID,LOCU_ID,VGBP_NR_POSICAO,VGBP_NR_TIPO,GEPA_ID,VGBP_TX_VALOR) values ('913653709','A','2','5','6302','02:481');
Insert into VALOR_GENOTIPO_BUSCA_PACIENTE (VGBP_ID,LOCU_ID,VGBP_NR_POSICAO,VGBP_NR_TIPO,GEPA_ID,VGBP_TX_VALOR) values ('913653710','A','2','5','6302','02:538');
Insert into VALOR_GENOTIPO_BUSCA_PACIENTE (VGBP_ID,LOCU_ID,VGBP_NR_POSICAO,VGBP_NR_TIPO,GEPA_ID,VGBP_TX_VALOR) values ('913653711','A','2','5','6302','02:559');
Insert into VALOR_GENOTIPO_BUSCA_PACIENTE (VGBP_ID,LOCU_ID,VGBP_NR_POSICAO,VGBP_NR_TIPO,GEPA_ID,VGBP_TX_VALOR) values ('913653712','A','2','5','6302','02:607');
Insert into VALOR_GENOTIPO_BUSCA_PACIENTE (VGBP_ID,LOCU_ID,VGBP_NR_POSICAO,VGBP_NR_TIPO,GEPA_ID,VGBP_TX_VALOR) values ('913653713','A','2','5','6302','02:608N');
Insert into VALOR_GENOTIPO_BUSCA_PACIENTE (VGBP_ID,LOCU_ID,VGBP_NR_POSICAO,VGBP_NR_TIPO,GEPA_ID,VGBP_TX_VALOR) values ('913653714','A','2','5','6302','02:614');
Insert into VALOR_GENOTIPO_BUSCA_PACIENTE (VGBP_ID,LOCU_ID,VGBP_NR_POSICAO,VGBP_NR_TIPO,GEPA_ID,VGBP_TX_VALOR) values ('913653715','A','2','5','6302','02:629');
Insert into VALOR_GENOTIPO_BUSCA_PACIENTE (VGBP_ID,LOCU_ID,VGBP_NR_POSICAO,VGBP_NR_TIPO,GEPA_ID,VGBP_TX_VALOR) values ('913653716','A','2','5','6302','02:642');
Insert into VALOR_GENOTIPO_BUSCA_PACIENTE (VGBP_ID,LOCU_ID,VGBP_NR_POSICAO,VGBP_NR_TIPO,GEPA_ID,VGBP_TX_VALOR) values ('913653717','A','2','5','6302','02:665');
Insert into VALOR_GENOTIPO_BUSCA_PACIENTE (VGBP_ID,LOCU_ID,VGBP_NR_POSICAO,VGBP_NR_TIPO,GEPA_ID,VGBP_TX_VALOR) values ('913653718','A','2','5','6302','02:675N');
Insert into VALOR_GENOTIPO_BUSCA_PACIENTE (VGBP_ID,LOCU_ID,VGBP_NR_POSICAO,VGBP_NR_TIPO,GEPA_ID,VGBP_TX_VALOR) values ('913653719','A','2','5','6302','02:685');
Insert into VALOR_GENOTIPO_BUSCA_PACIENTE (VGBP_ID,LOCU_ID,VGBP_NR_POSICAO,VGBP_NR_TIPO,GEPA_ID,VGBP_TX_VALOR) values ('913653720','A','2','5','6302','02:686');
Insert into VALOR_GENOTIPO_BUSCA_PACIENTE (VGBP_ID,LOCU_ID,VGBP_NR_POSICAO,VGBP_NR_TIPO,GEPA_ID,VGBP_TX_VALOR) values ('913653721','A','2','5','6302','02:687');
Insert into VALOR_GENOTIPO_BUSCA_PACIENTE (VGBP_ID,LOCU_ID,VGBP_NR_POSICAO,VGBP_NR_TIPO,GEPA_ID,VGBP_TX_VALOR) values ('913653722','A','2','5','6302','02:689');
Insert into VALOR_GENOTIPO_BUSCA_PACIENTE (VGBP_ID,LOCU_ID,VGBP_NR_POSICAO,VGBP_NR_TIPO,GEPA_ID,VGBP_TX_VALOR) values ('913653723','A','2','5','6302','02:690');
Insert into VALOR_GENOTIPO_BUSCA_PACIENTE (VGBP_ID,LOCU_ID,VGBP_NR_POSICAO,VGBP_NR_TIPO,GEPA_ID,VGBP_TX_VALOR) values ('913653724','A','2','5','6302','02:691N');
Insert into VALOR_GENOTIPO_BUSCA_PACIENTE (VGBP_ID,LOCU_ID,VGBP_NR_POSICAO,VGBP_NR_TIPO,GEPA_ID,VGBP_TX_VALOR) values ('913653725','A','2','5','6302','02:692');
Insert into VALOR_GENOTIPO_BUSCA_PACIENTE (VGBP_ID,LOCU_ID,VGBP_NR_POSICAO,VGBP_NR_TIPO,GEPA_ID,VGBP_TX_VALOR) values ('913653726','A','2','5','6302','02:704');
Insert into VALOR_GENOTIPO_BUSCA_PACIENTE (VGBP_ID,LOCU_ID,VGBP_NR_POSICAO,VGBP_NR_TIPO,GEPA_ID,VGBP_TX_VALOR) values ('913653727','A','2','5','6302','02:716');
Insert into VALOR_GENOTIPO_BUSCA_PACIENTE (VGBP_ID,LOCU_ID,VGBP_NR_POSICAO,VGBP_NR_TIPO,GEPA_ID,VGBP_TX_VALOR) values ('913653728','A','2','5','6302','02:719');
Insert into VALOR_GENOTIPO_BUSCA_PACIENTE (VGBP_ID,LOCU_ID,VGBP_NR_POSICAO,VGBP_NR_TIPO,GEPA_ID,VGBP_TX_VALOR) values ('913653729','A','2','5','6302','02:720');
Insert into VALOR_GENOTIPO_BUSCA_PACIENTE (VGBP_ID,LOCU_ID,VGBP_NR_POSICAO,VGBP_NR_TIPO,GEPA_ID,VGBP_TX_VALOR) values ('913653730','A','2','5','6302','02:722');
Insert into VALOR_GENOTIPO_BUSCA_PACIENTE (VGBP_ID,LOCU_ID,VGBP_NR_POSICAO,VGBP_NR_TIPO,GEPA_ID,VGBP_TX_VALOR) values ('913653731','A','2','5','6302','02:724');
Insert into VALOR_GENOTIPO_BUSCA_PACIENTE (VGBP_ID,LOCU_ID,VGBP_NR_POSICAO,VGBP_NR_TIPO,GEPA_ID,VGBP_TX_VALOR) values ('913653732','A','2','5','6302','02:726');
Insert into VALOR_GENOTIPO_BUSCA_PACIENTE (VGBP_ID,LOCU_ID,VGBP_NR_POSICAO,VGBP_NR_TIPO,GEPA_ID,VGBP_TX_VALOR) values ('913653733','A','2','5','6302','02:739');
Insert into VALOR_GENOTIPO_BUSCA_PACIENTE (VGBP_ID,LOCU_ID,VGBP_NR_POSICAO,VGBP_NR_TIPO,GEPA_ID,VGBP_TX_VALOR) values ('913653734','A','2','5','6302','02:740');
Insert into VALOR_GENOTIPO_BUSCA_PACIENTE (VGBP_ID,LOCU_ID,VGBP_NR_POSICAO,VGBP_NR_TIPO,GEPA_ID,VGBP_TX_VALOR) values ('913653735','A','2','5','6302','02:742');
Insert into VALOR_GENOTIPO_BUSCA_PACIENTE (VGBP_ID,LOCU_ID,VGBP_NR_POSICAO,VGBP_NR_TIPO,GEPA_ID,VGBP_TX_VALOR) values ('913653736','A','2','5','6302','02:744');
Insert into VALOR_GENOTIPO_BUSCA_PACIENTE (VGBP_ID,LOCU_ID,VGBP_NR_POSICAO,VGBP_NR_TIPO,GEPA_ID,VGBP_TX_VALOR) values ('913653737','A','2','5','6302','02:753');
Insert into VALOR_GENOTIPO_BUSCA_PACIENTE (VGBP_ID,LOCU_ID,VGBP_NR_POSICAO,VGBP_NR_TIPO,GEPA_ID,VGBP_TX_VALOR) values ('913653738','A','2','5','6302','02:755');
Insert into VALOR_GENOTIPO_BUSCA_PACIENTE (VGBP_ID,LOCU_ID,VGBP_NR_POSICAO,VGBP_NR_TIPO,GEPA_ID,VGBP_TX_VALOR) values ('913653739','A','2','5','6302','02:761');
Insert into VALOR_GENOTIPO_BUSCA_PACIENTE (VGBP_ID,LOCU_ID,VGBP_NR_POSICAO,VGBP_NR_TIPO,GEPA_ID,VGBP_TX_VALOR) values ('913653740','A','2','5','6302','02:762');
Insert into VALOR_GENOTIPO_BUSCA_PACIENTE (VGBP_ID,LOCU_ID,VGBP_NR_POSICAO,VGBP_NR_TIPO,GEPA_ID,VGBP_TX_VALOR) values ('913653741','A','2','5','6302','02:763');
Insert into VALOR_GENOTIPO_BUSCA_PACIENTE (VGBP_ID,LOCU_ID,VGBP_NR_POSICAO,VGBP_NR_TIPO,GEPA_ID,VGBP_TX_VALOR) values ('913653742','A','2','5','6302','02:765');
Insert into VALOR_GENOTIPO_BUSCA_PACIENTE (VGBP_ID,LOCU_ID,VGBP_NR_POSICAO,VGBP_NR_TIPO,GEPA_ID,VGBP_TX_VALOR) values ('913653743','A','2','5','6302','02:776');
Insert into VALOR_GENOTIPO_BUSCA_PACIENTE (VGBP_ID,LOCU_ID,VGBP_NR_POSICAO,VGBP_NR_TIPO,GEPA_ID,VGBP_TX_VALOR) values ('913653744','A','2','5','6302','02:779');
Insert into VALOR_GENOTIPO_BUSCA_PACIENTE (VGBP_ID,LOCU_ID,VGBP_NR_POSICAO,VGBP_NR_TIPO,GEPA_ID,VGBP_TX_VALOR) values ('913653745','A','2','5','6302','02:786');
Insert into VALOR_GENOTIPO_BUSCA_PACIENTE (VGBP_ID,LOCU_ID,VGBP_NR_POSICAO,VGBP_NR_TIPO,GEPA_ID,VGBP_TX_VALOR) values ('913653746','A','2','5','6302','02:792N');
Insert into VALOR_GENOTIPO_BUSCA_PACIENTE (VGBP_ID,LOCU_ID,VGBP_NR_POSICAO,VGBP_NR_TIPO,GEPA_ID,VGBP_TX_VALOR) values ('913653747','A','2','5','6302','02:793N');
Insert into VALOR_GENOTIPO_BUSCA_PACIENTE (VGBP_ID,LOCU_ID,VGBP_NR_POSICAO,VGBP_NR_TIPO,GEPA_ID,VGBP_TX_VALOR) values ('913653748','A','2','5','6302','02:794');
Insert into VALOR_GENOTIPO_BUSCA_PACIENTE (VGBP_ID,LOCU_ID,VGBP_NR_POSICAO,VGBP_NR_TIPO,GEPA_ID,VGBP_TX_VALOR) values ('913653749','A','2','5','6302','02:795');
Insert into VALOR_GENOTIPO_BUSCA_PACIENTE (VGBP_ID,LOCU_ID,VGBP_NR_POSICAO,VGBP_NR_TIPO,GEPA_ID,VGBP_TX_VALOR) values ('913653750','A','2','5','6302','02:810');
Insert into VALOR_GENOTIPO_BUSCA_PACIENTE (VGBP_ID,LOCU_ID,VGBP_NR_POSICAO,VGBP_NR_TIPO,GEPA_ID,VGBP_TX_VALOR) values ('913653751','A','2','5','6302','02:812');
Insert into VALOR_GENOTIPO_BUSCA_PACIENTE (VGBP_ID,LOCU_ID,VGBP_NR_POSICAO,VGBP_NR_TIPO,GEPA_ID,VGBP_TX_VALOR) values ('913653752','A','2','5','6302','02:819');
Insert into VALOR_GENOTIPO_BUSCA_PACIENTE (VGBP_ID,LOCU_ID,VGBP_NR_POSICAO,VGBP_NR_TIPO,GEPA_ID,VGBP_TX_VALOR) values ('913653753','A','2','5','6302','02:820');
Insert into VALOR_GENOTIPO_BUSCA_PACIENTE (VGBP_ID,LOCU_ID,VGBP_NR_POSICAO,VGBP_NR_TIPO,GEPA_ID,VGBP_TX_VALOR) values ('913653754','A','2','5','6302','02:823');
Insert into VALOR_GENOTIPO_BUSCA_PACIENTE (VGBP_ID,LOCU_ID,VGBP_NR_POSICAO,VGBP_NR_TIPO,GEPA_ID,VGBP_TX_VALOR) values ('913653755','A','2','5','6302','02:824');
Insert into VALOR_GENOTIPO_BUSCA_PACIENTE (VGBP_ID,LOCU_ID,VGBP_NR_POSICAO,VGBP_NR_TIPO,GEPA_ID,VGBP_TX_VALOR) values ('913653756','A','2','5','6302','02:825');
Insert into VALOR_GENOTIPO_BUSCA_PACIENTE (VGBP_ID,LOCU_ID,VGBP_NR_POSICAO,VGBP_NR_TIPO,GEPA_ID,VGBP_TX_VALOR) values ('913653757','B','1','5','6302','08:02');
Insert into VALOR_GENOTIPO_BUSCA_PACIENTE (VGBP_ID,LOCU_ID,VGBP_NR_POSICAO,VGBP_NR_TIPO,GEPA_ID,VGBP_TX_VALOR) values ('913653758','B','2','5','6302','08:02');
Insert into VALOR_GENOTIPO_BUSCA_PACIENTE (VGBP_ID,LOCU_ID,VGBP_NR_POSICAO,VGBP_NR_TIPO,GEPA_ID,VGBP_TX_VALOR) values ('913653759','DRB1','1','5','6302','01:02');
Insert into VALOR_GENOTIPO_BUSCA_PACIENTE (VGBP_ID,LOCU_ID,VGBP_NR_POSICAO,VGBP_NR_TIPO,GEPA_ID,VGBP_TX_VALOR) values ('913653760','DRB1','1','5','6302','01:83');
Insert into VALOR_GENOTIPO_BUSCA_PACIENTE (VGBP_ID,LOCU_ID,VGBP_NR_POSICAO,VGBP_NR_TIPO,GEPA_ID,VGBP_TX_VALOR) values ('913653761','DRB1','1','5','6302','01:87');
Insert into VALOR_GENOTIPO_BUSCA_PACIENTE (VGBP_ID,LOCU_ID,VGBP_NR_POSICAO,VGBP_NR_TIPO,GEPA_ID,VGBP_TX_VALOR) values ('913653762','DRB1','1','5','6302','01:88');
Insert into VALOR_GENOTIPO_BUSCA_PACIENTE (VGBP_ID,LOCU_ID,VGBP_NR_POSICAO,VGBP_NR_TIPO,GEPA_ID,VGBP_TX_VALOR) values ('913653763','DRB1','1','5','6302','01:94');
Insert into VALOR_GENOTIPO_BUSCA_PACIENTE (VGBP_ID,LOCU_ID,VGBP_NR_POSICAO,VGBP_NR_TIPO,GEPA_ID,VGBP_TX_VALOR) values ('913653764','DRB1','1','5','6302','01:96');
Insert into VALOR_GENOTIPO_BUSCA_PACIENTE (VGBP_ID,LOCU_ID,VGBP_NR_POSICAO,VGBP_NR_TIPO,GEPA_ID,VGBP_TX_VALOR) values ('913653765','DRB1','1','5','6302','01:97');
Insert into VALOR_GENOTIPO_BUSCA_PACIENTE (VGBP_ID,LOCU_ID,VGBP_NR_POSICAO,VGBP_NR_TIPO,GEPA_ID,VGBP_TX_VALOR) values ('913653766','DRB1','2','5','6302','01:02');
Insert into VALOR_GENOTIPO_BUSCA_PACIENTE (VGBP_ID,LOCU_ID,VGBP_NR_POSICAO,VGBP_NR_TIPO,GEPA_ID,VGBP_TX_VALOR) values ('913653767','DRB1','2','5','6302','01:83');
Insert into VALOR_GENOTIPO_BUSCA_PACIENTE (VGBP_ID,LOCU_ID,VGBP_NR_POSICAO,VGBP_NR_TIPO,GEPA_ID,VGBP_TX_VALOR) values ('913653768','DRB1','2','5','6302','01:87');
Insert into VALOR_GENOTIPO_BUSCA_PACIENTE (VGBP_ID,LOCU_ID,VGBP_NR_POSICAO,VGBP_NR_TIPO,GEPA_ID,VGBP_TX_VALOR) values ('913653769','DRB1','2','5','6302','01:88');
Insert into VALOR_GENOTIPO_BUSCA_PACIENTE (VGBP_ID,LOCU_ID,VGBP_NR_POSICAO,VGBP_NR_TIPO,GEPA_ID,VGBP_TX_VALOR) values ('913653770','DRB1','2','5','6302','01:94');
Insert into VALOR_GENOTIPO_BUSCA_PACIENTE (VGBP_ID,LOCU_ID,VGBP_NR_POSICAO,VGBP_NR_TIPO,GEPA_ID,VGBP_TX_VALOR) values ('913653771','DRB1','2','5','6302','01:96');
Insert into VALOR_GENOTIPO_BUSCA_PACIENTE (VGBP_ID,LOCU_ID,VGBP_NR_POSICAO,VGBP_NR_TIPO,GEPA_ID,VGBP_TX_VALOR) values ('913653772','DRB1','2','5','6302','01:97');
commit;



Insert into DOADOR (DOAD_NR_DMR, DOAD_TX_CPF, DOAD_TX_NOME, DOAD_TX_NOME_MAE ,DOAD_IN_SEXO ,RACA_ID ,ETNI_ID ,DOAD_TX_ABO ,PAIS_ID ,UF_SIGLA ,USUA_ID ,DOAD_DT_CADASTRO ,DOAD_DT_ATUALIZACAO ,DOAD_DT_NASCIMENTO ,STDO_ID,MOSD_ID,DOAD_TX_NOME_SOCIAL,DOAD_TX_RG,DOAD_TX_ORGAO_EXPEDIDOR,DOAD_DT_RETORNO_INATIVIDADE,DOAD_VL_ALTURA,DOAD_VL_PESO,DOAD_TX_NOME_PAI,LABO_ID,DOAD_ID,DOAD_NR_IDADE,REGI_ID_ORIGEM,REGI_ID_PAGAMENTO,DOAD_IN_TIPO,DOAD_TX_ID_REGISTRO,DOAD_IN_EMDIS,DOAD_VL_QUANT_TOTAL_CD34,DOAD_VL_QUANT_TOTAL_TCN,BASC_ID,DOAD_TX_ID_BANCO_SANGUE_CORDAO,DOAD_VL_VOLUME,DOAD_VL_TOT_LINFOCITOS,DOAD_VL_TOT_MONOCITOS,DOAD_VL_TOT_GRANULOCITOS,DOAD_VL_PER_HEMATOCRITOS,DOAD_VL_TOT_ANTES,DOAD_VL_TOT_DEPOIS,DOAD_VL_TOT_REAL,DOAD_VL_QUANT_TOTAL_TCN_ANTES,DOAD_VL_TOT_PER_HEMATOCRITOS,HEEN_ID,DOAD_TX_FASE,DOAD_TX_GRID,DOAD_TX_NUMERO_HEMOCENTRO,DOAD_IN_FUMANTE,ESCI_ID) values ('3693898','34922701079','TESTE MODRED','MAE TESTE MODRED','M','1',null,'AB-','1','RJ','5',to_timestamp('17/05/19 11:31:45,796000000','DD/MM/RR HH24:MI:SSXFF'),to_timestamp('17/01/19 11:31:45,343000000','DD/MM/RR HH24:MI:SSXFF'),to_date('01/01/83','DD/MM/RR'),'1',null,null,'489883734','IFP',null,'1.79','85','PAI TESTE',null,'4419718','36','1',null,'1','3693893','0',null,null,null,null,null,null,null,null,null,null,null,null,null,null,null,'F3',null,'799',null,'1');

Insert into MATCH (MATC_ID,MATC_IN_STATUS,BUSC_ID,DOAD_ID,MATC_TX_GRADE,MATC_TX_MISMATCH,MATC_TX_GRADE_ANTES,MATC_TX_MISMATCH_ANTES,MATC_DT_MATCH,MATC_DT_ALTERACAO,TIPM_ID_DPB1,MATC_IN_DISPONIBILIZADO) values ('24728','1','42489','4419718',null,null,null,null,null,null,null,'1');


/*Match com Doador Internacional*/
Insert into PACIENTE (PACI_NR_RMR,PACI_TX_CPF,PACI_TX_CNS,PACI_TX_NOME,PACI_TX_NOME_MAE,PACI_IN_SEXO,RACA_ID,ETNI_ID,PACI_TX_ABO,PAIS_ID,UF_SIGLA,PACI_TX_EMAIL,USUA_ID,PACI_DT_CADASTRO,PACI_DT_NASCIMENTO,RESP_ID,CETR_ID_AVALIADOR,MEDI_ID_RESPONSAVEL,PACI_IN_ACEITA_MISMATCH,PACI_TX_NOME_FONETIZADO,PACI_NR_SCORE,STPA_ID,PACI_NR_TEMPO_TRANSPLANTE,PACI_NR_WMDA,PACI_DT_ENVIO_EMDIS) values ('19939','01551597713','709602606932776','MONICA OLIVEIRA ALVES DA SILVA',null,'F','1',null,'B+','1','RJ',null,'1',to_timestamp('29/07/16 00:00:00,000000000','DD/MM/RR HH24:MI:SSXFF'),to_date('12/11/69','DD/MM/RR'),null,'37','1','0','MONICA OLIVEIRA ALVES DA SILVA',null,'8',null,null,to_date('01/01/00','DD/MM/RR'));

Insert into BUSCA (BUSC_ID,PACI_NR_RMR,USUA_ID,STBU_ID,PACI_IN_ACEITA_MISMATCH,CETR_ID_CENTRO_TRANSPLANTE,BUSC_DT_ANALISE) values ('42500','19939',null,'2',null,16,null);

Insert into DOADOR (DOAD_IN_SEXO, DOAD_TX_ABO, USUA_ID, DOAD_DT_CADASTRO, DOAD_DT_ATUALIZACAO, DOAD_DT_NASCIMENTO, STDO_ID, DOAD_VL_ALTURA, DOAD_VL_PESO, DOAD_ID  , DOAD_NR_IDADE, REGI_ID_ORIGEM, REGI_ID_PAGAMENTO, DOAD_IN_TIPO, DOAD_TX_ID_REGISTRO, DOAD_IN_EMDIS, DOAD_TX_FASE,DOAD_TX_GRID) 
values  ('M', 'AB-', '5', to_timestamp('17/05/19 11:31:45,796000000','DD/MM/RR HH24:MI:SSXFF'),to_timestamp('17/01/19 11:31:45,343000000','DD/MM/RR HH24:MI:SSXFF'),to_date('01/01/83','DD/MM/RR'), '1', '1.79', '85', '4419720', '36', '2', '2', '1', '893489340943', '1', 'F3', '44302398');

Insert into MATCH (MATC_ID,MATC_IN_STATUS,BUSC_ID,DOAD_ID,MATC_TX_GRADE,MATC_TX_MISMATCH,MATC_TX_GRADE_ANTES,MATC_TX_MISMATCH_ANTES,MATC_DT_MATCH,MATC_DT_ALTERACAO,TIPM_ID_DPB1,MATC_IN_DISPONIBILIZADO) values ('24731','1','42500','4419720',null,null,null,null,null,null,null,'1');

/*FIM Match com Doador Internacional*/

/*Match com Cordão nacional*/

Insert into PACIENTE (PACI_NR_RMR,PACI_TX_CPF,PACI_TX_CNS,PACI_TX_NOME,PACI_TX_NOME_MAE,PACI_IN_SEXO,RACA_ID,ETNI_ID,PACI_TX_ABO,PAIS_ID,UF_SIGLA,PACI_TX_EMAIL,USUA_ID,PACI_DT_CADASTRO,PACI_DT_NASCIMENTO,RESP_ID,CETR_ID_AVALIADOR,MEDI_ID_RESPONSAVEL,PACI_IN_ACEITA_MISMATCH,PACI_TX_NOME_FONETIZADO,PACI_NR_SCORE,STPA_ID,PACI_NR_TEMPO_TRANSPLANTE,PACI_NR_WMDA,PACI_DT_ENVIO_EMDIS) values ('19940','01551597713','709602606932776','MONICA OLIVEIRA ALVES DA SILVA',null,'F','1',null,'B+','1','RJ',null,'1',to_timestamp('29/07/16 00:00:00,000000000','DD/MM/RR HH24:MI:SSXFF'),to_date('12/11/69','DD/MM/RR'),null,'37','1','0','MONICA OLIVEIRA ALVES DA SILVA',null,'8',null,null,to_date('01/01/00','DD/MM/RR'));

Insert into BUSCA (BUSC_ID,PACI_NR_RMR,USUA_ID,STBU_ID,PACI_IN_ACEITA_MISMATCH,CETR_ID_CENTRO_TRANSPLANTE,BUSC_DT_ANALISE) 
values ('42501','19940',null,'2',null,16,null);

Insert into DOADOR (DOAD_IN_SEXO, DOAD_TX_ABO, USUA_ID, DOAD_DT_CADASTRO, DOAD_DT_ATUALIZACAO, DOAD_DT_NASCIMENTO, STDO_ID, DOAD_VL_ALTURA, DOAD_VL_PESO, DOAD_ID  , DOAD_NR_IDADE, REGI_ID_ORIGEM, REGI_ID_PAGAMENTO, DOAD_IN_TIPO, DOAD_TX_ID_REGISTRO, DOAD_IN_EMDIS, DOAD_TX_FASE,DOAD_TX_GRID, 
DOAD_TX_ID_BANCO_SANGUE_CORDAO, BASC_ID, DOAD_VL_QUANT_TOTAL_TCN, DOAD_VL_QUANT_TOTAL_CD34, DOAD_VL_VOLUME, DOAD_VL_TOT_LINFOCITOS, DOAD_VL_TOT_MONOCITOS,  DOAD_VL_TOT_GRANULOCITOS, DOAD_VL_TOT_PER_HEMATOCRITOS, DOAD_VL_TOT_ANTES, DOAD_VL_TOT_DEPOIS, DOAD_VL_TOT_REAL, DOAD_VL_QUANT_TOTAL_TCN_ANTES ) 
values  ('M', 'AB-', '5', to_timestamp('17/05/19 11:31:45,796000000','DD/MM/RR HH24:MI:SSXFF'),to_timestamp('17/01/19 11:31:45,343000000','DD/MM/RR HH24:MI:SSXFF'),to_date('01/01/83','DD/MM/RR'), '1', '1.79', '85', '4419721', '36', '2', '2', '2', null, '0', 'F3', '44302398', 
'893489340943', '1', '1.45', '1.45', '1.45', '1.45', '1.45', '1.45', '1.45', '1.45', '1.45', '1.45', '1.45' );

Insert into MATCH (MATC_ID,MATC_IN_STATUS,BUSC_ID,DOAD_ID,MATC_TX_GRADE,MATC_TX_MISMATCH,MATC_TX_GRADE_ANTES,MATC_TX_MISMATCH_ANTES,MATC_DT_MATCH,MATC_DT_ALTERACAO,TIPM_ID_DPB1,MATC_IN_DISPONIBILIZADO) values ('24732','1','42501','4419721',null,null,null,null,null,null,null,'1');


Insert into PACIENTE (PACI_NR_RMR,PACI_TX_CPF,PACI_TX_CNS,PACI_TX_NOME,PACI_TX_NOME_MAE,PACI_IN_SEXO,RACA_ID,ETNI_ID,PACI_TX_ABO,PAIS_ID,UF_SIGLA,PACI_TX_EMAIL,USUA_ID,PACI_DT_CADASTRO,PACI_DT_NASCIMENTO,RESP_ID,CETR_ID_AVALIADOR,MEDI_ID_RESPONSAVEL,PACI_IN_ACEITA_MISMATCH,PACI_TX_NOME_FONETIZADO,PACI_NR_SCORE,STPA_ID,PACI_NR_TEMPO_TRANSPLANTE,PACI_NR_WMDA,PACI_DT_ENVIO_EMDIS) values ('19942','01551597713','709602606932776','MONICA OLIVEIRA ALVES DA SILVA',null,'F','1',null,'B+','1','RJ',null,'1',to_timestamp('29/07/16 00:00:00,000000000','DD/MM/RR HH24:MI:SSXFF'),to_date('12/11/69','DD/MM/RR'),null,'37','1','0','MONICA OLIVEIRA ALVES DA SILVA',null,'8',null,null,to_date('01/01/00','DD/MM/RR'));

Insert into BUSCA (BUSC_ID,PACI_NR_RMR,USUA_ID,STBU_ID,PACI_IN_ACEITA_MISMATCH,CETR_ID_CENTRO_TRANSPLANTE,BUSC_DT_ANALISE) 
values ('42503','19942',null,'2',null,16,null);


Insert into DOADOR (DOAD_IN_SEXO, DOAD_TX_ABO, USUA_ID, DOAD_DT_CADASTRO, DOAD_DT_ATUALIZACAO, DOAD_DT_NASCIMENTO, STDO_ID, DOAD_VL_ALTURA, DOAD_VL_PESO, DOAD_ID  , DOAD_NR_IDADE, REGI_ID_ORIGEM, REGI_ID_PAGAMENTO, DOAD_IN_TIPO, DOAD_TX_ID_REGISTRO, DOAD_IN_EMDIS, DOAD_TX_FASE,DOAD_TX_GRID, 
DOAD_TX_ID_BANCO_SANGUE_CORDAO, BASC_ID, DOAD_VL_QUANT_TOTAL_TCN, DOAD_VL_QUANT_TOTAL_CD34, DOAD_VL_VOLUME, DOAD_VL_TOT_LINFOCITOS, DOAD_VL_TOT_MONOCITOS,  DOAD_VL_TOT_GRANULOCITOS, DOAD_VL_TOT_PER_HEMATOCRITOS, DOAD_VL_TOT_ANTES, DOAD_VL_TOT_DEPOIS, DOAD_VL_TOT_REAL, DOAD_VL_QUANT_TOTAL_TCN_ANTES ) 
values  ('M', 'AB-', '5', to_timestamp('17/05/19 11:31:45,796000000','DD/MM/RR HH24:MI:SSXFF'),to_timestamp('17/01/19 11:31:45,343000000','DD/MM/RR HH24:MI:SSXFF'),to_date('01/01/83','DD/MM/RR'), '1', '1.79', '85', '4419723', '36', '2', '2', '2', null, '0', 'F3', '44302398', 
'893489340943', '1', '1.45', '1.45', '1.45', '1.45', '1.45', '1.45', '1.45', '1.45', '1.45', '1.45', '1.45' );

Insert into MATCH (MATC_ID,MATC_IN_STATUS,BUSC_ID,DOAD_ID,MATC_TX_GRADE,MATC_TX_MISMATCH,MATC_TX_GRADE_ANTES,MATC_TX_MISMATCH_ANTES,MATC_DT_MATCH,MATC_DT_ALTERACAO,TIPM_ID_DPB1,MATC_IN_DISPONIBILIZADO) values ('24734','1','42503','4419723',null,null,null,null,null,null,null,'1');

/*Fim Match com Cordão nacional*/

/*Match com Cordão internacional*/

Insert into PACIENTE (PACI_NR_RMR,PACI_TX_CPF,PACI_TX_CNS,PACI_TX_NOME,PACI_TX_NOME_MAE,PACI_IN_SEXO,RACA_ID,ETNI_ID,PACI_TX_ABO,PAIS_ID,UF_SIGLA,PACI_TX_EMAIL,USUA_ID,PACI_DT_CADASTRO,PACI_DT_NASCIMENTO,RESP_ID,CETR_ID_AVALIADOR,MEDI_ID_RESPONSAVEL,PACI_IN_ACEITA_MISMATCH,PACI_TX_NOME_FONETIZADO,PACI_NR_SCORE,STPA_ID,PACI_NR_TEMPO_TRANSPLANTE,PACI_NR_WMDA,PACI_DT_ENVIO_EMDIS) values ('19941','01551597713','709602606932776','MONICA OLIVEIRA ALVES DA SILVA',null,'F','1',null,'B+','1','RJ',null,'1',to_timestamp('29/07/16 00:00:00,000000000','DD/MM/RR HH24:MI:SSXFF'),to_date('12/11/69','DD/MM/RR'),null,'37','1','0','MONICA OLIVEIRA ALVES DA SILVA',null,'8',null,null,to_date('01/01/00','DD/MM/RR'));

Insert into BUSCA (BUSC_ID,PACI_NR_RMR,USUA_ID,STBU_ID,PACI_IN_ACEITA_MISMATCH,CETR_ID_CENTRO_TRANSPLANTE,BUSC_DT_ANALISE) 
values ('42502','19941',null,'2',null,16,null);

Insert into DOADOR (DOAD_IN_SEXO, DOAD_TX_ABO, USUA_ID, DOAD_DT_CADASTRO, DOAD_DT_ATUALIZACAO, DOAD_DT_NASCIMENTO, STDO_ID, DOAD_VL_ALTURA, DOAD_VL_PESO, DOAD_ID  , DOAD_NR_IDADE, REGI_ID_ORIGEM, REGI_ID_PAGAMENTO, DOAD_IN_TIPO, DOAD_TX_ID_REGISTRO, DOAD_IN_EMDIS, DOAD_TX_FASE,DOAD_TX_GRID, 
DOAD_TX_ID_BANCO_SANGUE_CORDAO, BASC_ID, DOAD_VL_QUANT_TOTAL_TCN, DOAD_VL_QUANT_TOTAL_CD34, DOAD_VL_VOLUME ) 
values  ('M', 'AB-', '5', to_timestamp('17/05/19 11:31:45,796000000','DD/MM/RR HH24:MI:SSXFF'),to_timestamp('17/01/19 11:31:45,343000000','DD/MM/RR HH24:MI:SSXFF'),to_date('01/01/83','DD/MM/RR'), '1', '1.79', '85', '4419722', '36', '2', '2', '3', '893489340943', '1', 'F3', '44302398', 
null, null, '1.45', '1.45', '1.45');

Insert into MATCH (MATC_ID,MATC_IN_STATUS,BUSC_ID,DOAD_ID,MATC_TX_GRADE,MATC_TX_MISMATCH,MATC_TX_GRADE_ANTES,MATC_TX_MISMATCH_ANTES,MATC_DT_MATCH,MATC_DT_ALTERACAO,TIPM_ID_DPB1,MATC_IN_DISPONIBILIZADO) values ('24733','1','42502','4419722',null,null,null,null,null,null,null,'1');

/*Fim Match com Cordão internacional*/


/* ############################ PESQUISA_WMDA ############################################### */

Insert into PESQUISA_WMDA (PEWM_ID,BUSC_ID,PEWM_NR_SEARCH,PEWM_NR_SEARCH_RESULT,PEWM_TX_SEARCH_TYPE,PEWM_TX_ALGORITHM,PEWM_DT_ENVIO,PEWM_DT_RESULTADO) values (42, 42489, 7933, 3949,'DR',null,to_date('12/04/20','DD/MM/RR'),to_date('12/04/20','DD/MM/RR'));
commit;


Insert into PESQUISA_WMDA_DOADOR (PEWD_ID,PEWM_ID,PEWD_TX_ID,PEWD_TX_GRID,PEWD_NR_DON_POOL,PEWD_TX_JSON) values (97, 42, 'C3DS0135758', '735897C3DS013575833', '7358', '[{"id":"C3DS0135758","grid":"735897C3DS013575833","donSer":"97326646","donorType":"D","donPool":"7358","birthDate":"1990-01-09","status":"AV","sex":"F","idm":{},"regAccredStatus":"none","hla":{"a":{"dna":{"field1":"01:XX"},"ser":{}},"b":{"dna":{"field1":"15:XX"},"ser":{}},"c":{"dna":{},"ser":{}},"drb1":{"dna":{"field1":"01:XX"},"ser":{}},"dqb1":{"dna":{},"ser":{}},"dpb1":{"dna":{}},"drb3":{"dna":{}},"drb4":{"dna":{}},"drb5":{"dna":{}},"dpa1":{"dna":{}},"dqa1":{"dna":{}}},"matchClass":"6/6/X","mat]');

Insert into PESQUISA_WMDA_DOADOR (PEWD_ID,PEWM_ID,PEWD_TX_ID,PEWD_TX_GRID,PEWD_NR_DON_POOL,PEWD_TX_JSON) values (98, 42, 'DEDKM-5477815', '6939DKM000547781511', '6939', '[{"id":"DEDKM-5477815","grid":"6939DKM000547781511","donSer":"117567821","donorType":"D","donPool":"6939","birthDate":"1984-05-16","status":"AV","contactDate":"2014-07-09","sex":"M","ethn":"CAEU","idm":{},"regAccredStatus":"WMDA accredited (D/C)","hla":{"a":{"dna":{"field1":"01:KTKP","field2":"01:KTKP"},"ser":{}},"b":{"dna":{"field1":"15:DFRA","field2":"15:DFRA"},"ser":{}},"c":{"dna":{"field1":"03:04"},"ser":{}},"drb1":{"dna":{"field1":"01:01:01","field2":"01:02:01"},"ser":{}},"dqb1":{"dna":{"fie]');
commit;


/* ############################ FIM - PESQUISA_WMDA ######################################### */


/* ########################## Atribuir usuario solicitação ################################## */
Insert into PACIENTE (PACI_NR_RMR,PACI_TX_CPF,PACI_TX_CNS,PACI_TX_NOME,PACI_TX_NOME_MAE,PACI_IN_SEXO,RACA_ID,ETNI_ID,PACI_TX_ABO,PAIS_ID,UF_SIGLA,PACI_TX_EMAIL,USUA_ID,PACI_DT_CADASTRO,PACI_DT_NASCIMENTO,RESP_ID,CETR_ID_AVALIADOR,MEDI_ID_RESPONSAVEL,PACI_IN_ACEITA_MISMATCH,PACI_TX_NOME_FONETIZADO,PACI_NR_SCORE,STPA_ID,PACI_NR_TEMPO_TRANSPLANTE,PACI_NR_WMDA,PACI_DT_ENVIO_EMDIS) values ('1875875','01551597713','709602606932776','MONICA OLIVEIRA ALVES DA SILVA',null,'F','1',null,'B+','1','RJ',null,'1',to_timestamp('29/07/16 00:00:00,000000000','DD/MM/RR HH24:MI:SSXFF'),to_date('12/11/69','DD/MM/RR'),null,'37','1','0','MONICA OLIVEIRA ALVES DA SILVA',null,'8',null,null,to_date('01/01/00','DD/MM/RR'));
Insert into BUSCA (BUSC_ID,PACI_NR_RMR,USUA_ID,STBU_ID,PACI_IN_ACEITA_MISMATCH,CETR_ID_CENTRO_TRANSPLANTE,BUSC_DT_ANALISE) values ('4094095','1875875',null,'2',null,null,null);
Insert into DOADOR (DOAD_NR_DMR,DOAD_TX_CPF,DOAD_TX_NOME,DOAD_TX_NOME_MAE,DOAD_IN_SEXO,RACA_ID,ETNI_ID,DOAD_TX_ABO,PAIS_ID,UF_SIGLA,USUA_ID,DOAD_DT_CADASTRO,DOAD_DT_ATUALIZACAO,DOAD_DT_NASCIMENTO,STDO_ID,MOSD_ID,DOAD_TX_NOME_SOCIAL,DOAD_TX_RG,DOAD_TX_ORGAO_EXPEDIDOR,DOAD_DT_RETORNO_INATIVIDADE,DOAD_VL_ALTURA,DOAD_VL_PESO,DOAD_TX_NOME_PAI,LABO_ID,DOAD_ID,DOAD_NR_IDADE,REGI_ID_ORIGEM,REGI_ID_PAGAMENTO,DOAD_IN_TIPO,DOAD_TX_ID_REGISTRO,DOAD_IN_EMDIS,DOAD_VL_QUANT_TOTAL_CD34,DOAD_VL_QUANT_TOTAL_TCN,BASC_ID,DOAD_TX_ID_BANCO_SANGUE_CORDAO,DOAD_VL_VOLUME,DOAD_VL_TOT_LINFOCITOS,DOAD_VL_TOT_MONOCITOS,DOAD_VL_TOT_GRANULOCITOS,DOAD_VL_PER_HEMATOCRITOS,DOAD_VL_TOT_ANTES,DOAD_VL_TOT_DEPOIS,DOAD_VL_TOT_REAL,DOAD_VL_QUANT_TOTAL_TCN_ANTES,DOAD_VL_TOT_PER_HEMATOCRITOS,HEEN_ID,DOAD_TX_FASE,DOAD_TX_GRID,DOAD_TX_NUMERO_HEMOCENTRO,DOAD_IN_FUMANTE,ESCI_ID) 
values ('369386063','34922701079','TESTE MODRED','MAE TESTE MODRED','M','1',null,'AB-','1','RJ','5',to_timestamp('17/05/19 11:31:45,796000000','DD/MM/RR HH24:MI:SSXFF'),to_timestamp('17/01/19 11:31:45,343000000','DD/MM/RR HH24:MI:SSXFF'),to_date('01/01/83','DD/MM/RR'),'1',null,null,'489883734','IFP',null,'1.79','85','PAI TESTE',null,'9050987','36','1',null,'1','3693893','0',null,null,null,null,null,null,null,null,null,null,null,null,null,null,null,'F1',null,'799',null,'1');
Insert into MATCH (MATC_ID,MATC_IN_STATUS,BUSC_ID,DOAD_ID,MATC_TX_GRADE,MATC_TX_MISMATCH,MATC_TX_GRADE_ANTES,MATC_TX_MISMATCH_ANTES,MATC_DT_MATCH,MATC_DT_ALTERACAO,TIPM_ID_DPB1,MATC_IN_DISPONIBILIZADO) 
values ('48458959','1','4094095','9050987',null,null,null,null,null,null,null,'0');

Insert into SOLICITACAO (SOLI_ID,TISO_ID,PACI_NR_RMR,USUA_ID,SOLI_DT_CRIACAO,SOLI_NR_STATUS,MATC_ID,BUSC_ID,TIEX_ID,LABO_ID,SOLI_IN_RESOLVER_DIVERGENCIA, USUA_ID_RESPONSAVEL, FAWO_ID, SOLI_IN_POSCOLETA, SOLI_IN_CONTAGEM_CELULA)
 values ('389389','8',null,'5',to_timestamp('17/05/19 11:44:11,411000000','DD/MM/RR HH24:MI:SSXFF'),'1','48458959',null,'3','4',null, null, null, 0, 0);
commit;