Insert into TIPO_TAREFA (TITA_ID,TITA_TX_DESCRICAO,TITA_IN_AUTOMATICA,TITA_NR_TEMPO_EXECUCAO,TARE_IN_SOMENTE_AGRUPADOR) values ('36','PEDIDO_LOGISTICA_WORKUP','0',null,'0');
Insert into TIPO_TAREFA (TITA_ID,TITA_TX_DESCRICAO,TITA_IN_AUTOMATICA,TITA_NR_TEMPO_EXECUCAO,TARE_IN_SOMENTE_AGRUPADOR) values ('56','PEDIDO_TRANSPORTE_RETIRADA','0',null,'0');
Insert into TIPO_TAREFA (TITA_ID,TITA_TX_DESCRICAO,TITA_IN_AUTOMATICA,TITA_NR_TEMPO_EXECUCAO,TARE_IN_SOMENTE_AGRUPADOR) values ('48','NOTIFICACAO_DISPONIBILIZAR_DOADOR','1','432000','0');
Insert into TIPO_TAREFA (TITA_ID,TITA_TX_DESCRICAO,TITA_IN_AUTOMATICA,TITA_NR_TEMPO_EXECUCAO,TARE_IN_SOMENTE_AGRUPADOR) values ('64','RESULTADO_EXAME_INTERNACIONAL_FOLLOW_UP','1','604800','0');
Insert into TIPO_TAREFA (TITA_ID,TITA_TX_DESCRICAO,TITA_IN_AUTOMATICA,TITA_NR_TEMPO_EXECUCAO,TARE_IN_SOMENTE_AGRUPADOR) values ('1','NOTIFICACAO','0',null,'0');
Insert into TIPO_TAREFA (TITA_ID,TITA_TX_DESCRICAO,TITA_IN_AUTOMATICA,TITA_NR_TEMPO_EXECUCAO,TARE_IN_SOMENTE_AGRUPADOR) values ('74','SUGERIR_DATA_WORKUP_INTERNACIONAL','0','3600','0');
Insert into TIPO_TAREFA (TITA_ID,TITA_TX_DESCRICAO,TITA_IN_AUTOMATICA,TITA_NR_TEMPO_EXECUCAO,TARE_IN_SOMENTE_AGRUPADOR) values ('78','AUTORIZACAO_PACIENTE','0','3600','0');
Insert into TIPO_TAREFA (TITA_ID,TITA_TX_DESCRICAO,TITA_IN_AUTOMATICA,TITA_NR_TEMPO_EXECUCAO,TARE_IN_SOMENTE_AGRUPADOR) values ('84','PEDIDO_LOGISTICA_MATERIAL_INTERNACIONAL','0',null,'0');
Insert into TIPO_TAREFA (TITA_ID,TITA_TX_DESCRICAO,TITA_IN_AUTOMATICA,TITA_NR_TEMPO_EXECUCAO,TARE_IN_SOMENTE_AGRUPADOR) values ('85','PEDIDO_TRANSFERENCIA_CENTRO','0','3600','0');
Insert into TIPO_TAREFA (TITA_ID,TITA_TX_DESCRICAO,TITA_IN_AUTOMATICA,TITA_NR_TEMPO_EXECUCAO,TARE_IN_SOMENTE_AGRUPADOR) values ('87','AVALIAR_NOVA_BUSCA','0',null,'0');
Insert into TIPO_TAREFA (TITA_ID,TITA_TX_DESCRICAO,TITA_IN_AUTOMATICA,TITA_NR_TEMPO_EXECUCAO,TARE_IN_SOMENTE_AGRUPADOR) values ('86','AVALIACAO_CAMARA_TECNICA','0',null,'0');
Insert into TIPO_TAREFA (TITA_ID,TITA_TX_DESCRICAO,TITA_IN_AUTOMATICA,TITA_NR_TEMPO_EXECUCAO,TARE_IN_SOMENTE_AGRUPADOR) values ('95','ANALISE_MEDICA_DOADOR_CONTATO','0',null,'0');
Insert into TIPO_TAREFA (TITA_ID,TITA_TX_DESCRICAO,TITA_IN_AUTOMATICA,TITA_NR_TEMPO_EXECUCAO,TARE_IN_SOMENTE_AGRUPADOR) values ('91','CONTATO_DOADOR','0',null,'1');
Insert into TIPO_TAREFA (TITA_ID,TITA_TX_DESCRICAO,TITA_IN_AUTOMATICA,TITA_NR_TEMPO_EXECUCAO,TARE_IN_SOMENTE_AGRUPADOR) values ('92','ENRIQUECER_DOADOR','0','3600','0');
Insert into TIPO_TAREFA (TITA_ID,TITA_TX_DESCRICAO,TITA_IN_AUTOMATICA,TITA_NR_TEMPO_EXECUCAO,TARE_IN_SOMENTE_AGRUPADOR) values ('96','VALIDAR_TENTATIVA_CONTATO_FOLLOW_UP','0','0','0');
Insert into TIPO_TAREFA (TITA_ID,TITA_TX_DESCRICAO,TITA_IN_AUTOMATICA,TITA_NR_TEMPO_EXECUCAO,TARE_IN_SOMENTE_AGRUPADOR) values ('97','VALIDAR_TENTATIVA_CONTATO_SMS_FOLLOW_UP','0','0','0');
Insert into TIPO_TAREFA (TITA_ID,TITA_TX_DESCRICAO,TITA_IN_AUTOMATICA,TITA_NR_TEMPO_EXECUCAO,TARE_IN_SOMENTE_AGRUPADOR) values ('100','VERIFICAR_STATUS_SMS_ENVIADO','1',null,'0');
Insert into TIPO_TAREFA (TITA_ID,TITA_TX_DESCRICAO,TITA_IN_AUTOMATICA,TITA_NR_TEMPO_EXECUCAO,TARE_IN_SOMENTE_AGRUPADOR) values ('102','ENVIAR_PACIENTE_PARA_EMDIS_FOLLOWUP','1',null,'0');
Insert into TIPO_TAREFA (TITA_ID,TITA_TX_DESCRICAO,TITA_IN_AUTOMATICA,TITA_NR_TEMPO_EXECUCAO,TARE_IN_SOMENTE_AGRUPADOR) values ('27','RESPONDER_PENDENCIA','0',null,'0');
Insert into TIPO_TAREFA (TITA_ID,TITA_TX_DESCRICAO,TITA_IN_AUTOMATICA,TITA_NR_TEMPO_EXECUCAO,TARE_IN_SOMENTE_AGRUPADOR) values ('28','NOTIFICACAO_EXAME_CONFERIDO','0',null,'0');
Insert into TIPO_TAREFA (TITA_ID,TITA_TX_DESCRICAO,TITA_IN_AUTOMATICA,TITA_NR_TEMPO_EXECUCAO,TARE_IN_SOMENTE_AGRUPADOR) values ('5','AVALIAR_PACIENTE','0',null,'0');
Insert into TIPO_TAREFA (TITA_ID,TITA_TX_DESCRICAO,TITA_IN_AUTOMATICA,TITA_NR_TEMPO_EXECUCAO,TARE_IN_SOMENTE_AGRUPADOR) values ('15','SMS','0',null,'0');
Insert into TIPO_TAREFA (TITA_ID,TITA_TX_DESCRICAO,TITA_IN_AUTOMATICA,TITA_NR_TEMPO_EXECUCAO,TARE_IN_SOMENTE_AGRUPADOR) values ('20','CONTATO_HEMOCENTRO','0',null,'0');
Insert into TIPO_TAREFA (TITA_ID,TITA_TX_DESCRICAO,TITA_IN_AUTOMATICA,TITA_NR_TEMPO_EXECUCAO,TARE_IN_SOMENTE_AGRUPADOR) values ('94','CHECKLIST_EXAME_DIVERGENTE_FOLLOWUP','1','3600','0');
Insert into TIPO_TAREFA (TITA_ID,TITA_TX_DESCRICAO,TITA_IN_AUTOMATICA,TITA_NR_TEMPO_EXECUCAO,TARE_IN_SOMENTE_AGRUPADOR) values ('32','SUGERIR_DATA_WORKUP','0',null,'0');
Insert into TIPO_TAREFA (TITA_ID,TITA_TX_DESCRICAO,TITA_IN_AUTOMATICA,TITA_NR_TEMPO_EXECUCAO,TARE_IN_SOMENTE_AGRUPADOR) values ('35','CADASTRAR_RESULTADO_WORKUP','0','3600','0');
Insert into TIPO_TAREFA (TITA_ID,TITA_TX_DESCRICAO,TITA_IN_AUTOMATICA,TITA_NR_TEMPO_EXECUCAO,TARE_IN_SOMENTE_AGRUPADOR) values ('43','ROLLBACK_ATRIBUICAO','1','3600','0');
Insert into TIPO_TAREFA (TITA_ID,TITA_TX_DESCRICAO,TITA_IN_AUTOMATICA,TITA_NR_TEMPO_EXECUCAO,TARE_IN_SOMENTE_AGRUPADOR) values ('59','LOGISTICA','0',null,'0');
Insert into TIPO_TAREFA (TITA_ID,TITA_TX_DESCRICAO,TITA_IN_AUTOMATICA,TITA_NR_TEMPO_EXECUCAO,TARE_IN_SOMENTE_AGRUPADOR) values ('61','CADASTRAR_RESULTADO_CT','0',null,'0');
Insert into TIPO_TAREFA (TITA_ID,TITA_TX_DESCRICAO,TITA_IN_AUTOMATICA,TITA_NR_TEMPO_EXECUCAO,TARE_IN_SOMENTE_AGRUPADOR) values ('62','CADASTRAR_RESULTADO_EXAME','0',null,'0');
Insert into TIPO_TAREFA (TITA_ID,TITA_TX_DESCRICAO,TITA_IN_AUTOMATICA,TITA_NR_TEMPO_EXECUCAO,TARE_IN_SOMENTE_AGRUPADOR) values ('73','PEDIDO_WORKUP_INTERNACIONAL','0',null,'0');
Insert into TIPO_TAREFA (TITA_ID,TITA_TX_DESCRICAO,TITA_IN_AUTOMATICA,TITA_NR_TEMPO_EXECUCAO,TARE_IN_SOMENTE_AGRUPADOR) values ('71','CADASTRAR_RESULTADO_WORKUP_INTERNACIONAL','0','3600','0');
Insert into TIPO_TAREFA (TITA_ID,TITA_TX_DESCRICAO,TITA_IN_AUTOMATICA,TITA_NR_TEMPO_EXECUCAO,TARE_IN_SOMENTE_AGRUPADOR) values ('72','PEDIDO_COLETA_INTERNACIONAL','0',null,'0');
Insert into TIPO_TAREFA (TITA_ID,TITA_TX_DESCRICAO,TITA_IN_AUTOMATICA,TITA_NR_TEMPO_EXECUCAO,TARE_IN_SOMENTE_AGRUPADOR) values ('89','CHECKLIST_MATCH_EXAME_FOLLOUP_30D','1','2592000','0');
Insert into TIPO_TAREFA (TITA_ID,TITA_TX_DESCRICAO,TITA_IN_AUTOMATICA,TITA_NR_TEMPO_EXECUCAO,TARE_IN_SOMENTE_AGRUPADOR) values ('6','AVALIAR_EXAME_HLA','0',null,'0');
Insert into TIPO_TAREFA (TITA_ID,TITA_TX_DESCRICAO,TITA_IN_AUTOMATICA,TITA_NR_TEMPO_EXECUCAO,TARE_IN_SOMENTE_AGRUPADOR) values ('31','WORKUP_FOLLOWUP','1','432000','0');
Insert into TIPO_TAREFA (TITA_ID,TITA_TX_DESCRICAO,TITA_IN_AUTOMATICA,TITA_NR_TEMPO_EXECUCAO,TARE_IN_SOMENTE_AGRUPADOR) values ('41','PEDIDO_LOGISTICA_DOADOR_COLETA','0',null,'0');
Insert into TIPO_TAREFA (TITA_ID,TITA_TX_DESCRICAO,TITA_IN_AUTOMATICA,TITA_NR_TEMPO_EXECUCAO,TARE_IN_SOMENTE_AGRUPADOR) values ('42','PEDIDO_LOGISTICA_MATERIAL_COLETA','0',null,'0');
Insert into TIPO_TAREFA (TITA_ID,TITA_TX_DESCRICAO,TITA_IN_AUTOMATICA,TITA_NR_TEMPO_EXECUCAO,TARE_IN_SOMENTE_AGRUPADOR) values ('52','CADASTRAR_PRESCRICAO','0',null,'0');
Insert into TIPO_TAREFA (TITA_ID,TITA_TX_DESCRICAO,TITA_IN_AUTOMATICA,TITA_NR_TEMPO_EXECUCAO,TARE_IN_SOMENTE_AGRUPADOR) values ('53','ENCONTRAR_CENTRO_TRANSPLANTE','0','3600','0');
Insert into TIPO_TAREFA (TITA_ID,TITA_TX_DESCRICAO,TITA_IN_AUTOMATICA,TITA_NR_TEMPO_EXECUCAO,TARE_IN_SOMENTE_AGRUPADOR) values ('50','CADASTRAR_RECEBIMENTO_COLETA','1','3600','0');
Insert into TIPO_TAREFA (TITA_ID,TITA_TX_DESCRICAO,TITA_IN_AUTOMATICA,TITA_NR_TEMPO_EXECUCAO,TARE_IN_SOMENTE_AGRUPADOR) values ('54','NOTIFICACAO_NAO_RECEBIMENTO_COLETA','0',null,'0');
Insert into TIPO_TAREFA (TITA_ID,TITA_TX_DESCRICAO,TITA_IN_AUTOMATICA,TITA_NR_TEMPO_EXECUCAO,TARE_IN_SOMENTE_AGRUPADOR) values ('57','PEDIDO_TRANSPORTE_ENTREGA','0',null,'0');
Insert into TIPO_TAREFA (TITA_ID,TITA_TX_DESCRICAO,TITA_IN_AUTOMATICA,TITA_NR_TEMPO_EXECUCAO,TARE_IN_SOMENTE_AGRUPADOR) values ('58','PEDIDO_TRANSPORTE_RETIRADA_ENTREGA','0',null,'1');
Insert into TIPO_TAREFA (TITA_ID,TITA_TX_DESCRICAO,TITA_IN_AUTOMATICA,TITA_NR_TEMPO_EXECUCAO,TARE_IN_SOMENTE_AGRUPADOR) values ('63','CADASTRAR_RESULTADO_EXAME_INTERNACIONAL','0','0','0');
Insert into TIPO_TAREFA (TITA_ID,TITA_TX_DESCRICAO,TITA_IN_AUTOMATICA,TITA_NR_TEMPO_EXECUCAO,TARE_IN_SOMENTE_AGRUPADOR) values ('65','CADASTRAR_RESULTADO_EXAME_CT_INTERNACIONAL','0','3600','0');
Insert into TIPO_TAREFA (TITA_ID,TITA_TX_DESCRICAO,TITA_IN_AUTOMATICA,TITA_NR_TEMPO_EXECUCAO,TARE_IN_SOMENTE_AGRUPADOR) values ('66','RESULTADO_EXAME_CT_INTERNACIONAL_15DIAS_FOLLOW_UP','1','1296000','0');
Insert into TIPO_TAREFA (TITA_ID,TITA_TX_DESCRICAO,TITA_IN_AUTOMATICA,TITA_NR_TEMPO_EXECUCAO,TARE_IN_SOMENTE_AGRUPADOR) values ('67','RESULTADO_EXAME_CT_INTERNACIONAL_7DIAS_FOLLOW_UP','1','604800','0');
Insert into TIPO_TAREFA (TITA_ID,TITA_TX_DESCRICAO,TITA_IN_AUTOMATICA,TITA_NR_TEMPO_EXECUCAO,TARE_IN_SOMENTE_AGRUPADOR) values ('68','CADASTRAR_RESULTADO_EXAME_IDM_INTERNACIONAL','0','3600','0');
Insert into TIPO_TAREFA (TITA_ID,TITA_TX_DESCRICAO,TITA_IN_AUTOMATICA,TITA_NR_TEMPO_EXECUCAO,TARE_IN_SOMENTE_AGRUPADOR) values ('69','RESULTADO_IDM_INTERNACIONAL_15DIAS_FOLLOW_UP','1','1296000','0');
Insert into TIPO_TAREFA (TITA_ID,TITA_TX_DESCRICAO,TITA_IN_AUTOMATICA,TITA_NR_TEMPO_EXECUCAO,TARE_IN_SOMENTE_AGRUPADOR) values ('70','RESULTADO_IDM_INTERNACIONAL_7DIAS_FOLLOW_UP','1','604800','0');
Insert into TIPO_TAREFA (TITA_ID,TITA_TX_DESCRICAO,TITA_IN_AUTOMATICA,TITA_NR_TEMPO_EXECUCAO,TARE_IN_SOMENTE_AGRUPADOR) values ('75','PEDIDO_LOGISTICA_CORDAO_NACIONAL','0',null,'0');
Insert into TIPO_TAREFA (TITA_ID,TITA_TX_DESCRICAO,TITA_IN_AUTOMATICA,TITA_NR_TEMPO_EXECUCAO,TARE_IN_SOMENTE_AGRUPADOR) values ('76','RETIRADA_CORDAO_NACIONAL','0',null,'0');
Insert into TIPO_TAREFA (TITA_ID,TITA_TX_DESCRICAO,TITA_IN_AUTOMATICA,TITA_NR_TEMPO_EXECUCAO,TARE_IN_SOMENTE_AGRUPADOR) values ('77','ENTREGA_LOGISTICA_CORDAO_NACIONAL','0',null,'0');
Insert into TIPO_TAREFA (TITA_ID,TITA_TX_DESCRICAO,TITA_IN_AUTOMATICA,TITA_NR_TEMPO_EXECUCAO,TARE_IN_SOMENTE_AGRUPADOR) values ('79','RETIRADA_MATERIAL_INTERNACIONAL','0',null,'0');
Insert into TIPO_TAREFA (TITA_ID,TITA_TX_DESCRICAO,TITA_IN_AUTOMATICA,TITA_NR_TEMPO_EXECUCAO,TARE_IN_SOMENTE_AGRUPADOR) values ('80','ENTREGA DE MATERIAL_INTERNACIONAL','0',null,'0');
Insert into TIPO_TAREFA (TITA_ID,TITA_TX_DESCRICAO,TITA_IN_AUTOMATICA,TITA_NR_TEMPO_EXECUCAO,TARE_IN_SOMENTE_AGRUPADOR) values ('81','RETIRADA_MATERIAL_INTERNACIONAL','0',null,'0');
Insert into TIPO_TAREFA (TITA_ID,TITA_TX_DESCRICAO,TITA_IN_AUTOMATICA,TITA_NR_TEMPO_EXECUCAO,TARE_IN_SOMENTE_AGRUPADOR) values ('82','ENTREGA_MATERIAL_INTERNACIONAL','0',null,'0');
Insert into TIPO_TAREFA (TITA_ID,TITA_TX_DESCRICAO,TITA_IN_AUTOMATICA,TITA_NR_TEMPO_EXECUCAO,TARE_IN_SOMENTE_AGRUPADOR) values ('101','ENVIAR_DADOS_WMDA_FOLLOWUP','1',null,'0');
Insert into TIPO_TAREFA (TITA_ID,TITA_TX_DESCRICAO,TITA_IN_AUTOMATICA,TITA_NR_TEMPO_EXECUCAO,TARE_IN_SOMENTE_AGRUPADOR) values ('98','DOADOR_NAO_ENCONTRADO','0',null,'0');
Insert into TIPO_TAREFA (TITA_ID,TITA_TX_DESCRICAO,TITA_IN_AUTOMATICA,TITA_NR_TEMPO_EXECUCAO,TARE_IN_SOMENTE_AGRUPADOR) values ('99','INATIVAR_DOADOR_NAO_ENCONTRADO','1',null,'0');
Insert into TIPO_TAREFA (TITA_ID,TITA_TX_DESCRICAO,TITA_IN_AUTOMATICA,TITA_NR_TEMPO_EXECUCAO,TARE_IN_SOMENTE_AGRUPADOR) values ('103','ENVIAR_PEDIDO_FASE2_PARA_EMDIS','1',null,'0');
Insert into TIPO_TAREFA (TITA_ID,TITA_TX_DESCRICAO,TITA_IN_AUTOMATICA,TITA_NR_TEMPO_EXECUCAO,TARE_IN_SOMENTE_AGRUPADOR) values ('8','RECEBER_PACIENTE','0',null,'0');
Insert into TIPO_TAREFA (TITA_ID,TITA_TX_DESCRICAO,TITA_IN_AUTOMATICA,TITA_NR_TEMPO_EXECUCAO,TARE_IN_SOMENTE_AGRUPADOR) values ('9','LIBERAR_ACOMPANHAR_BUSCA','1','3600','0');
Insert into TIPO_TAREFA (TITA_ID,TITA_TX_DESCRICAO,TITA_IN_AUTOMATICA,TITA_NR_TEMPO_EXECUCAO,TARE_IN_SOMENTE_AGRUPADOR) values ('12','CONTACTAR_FASE_2','0','3600','0');
Insert into TIPO_TAREFA (TITA_ID,TITA_TX_DESCRICAO,TITA_IN_AUTOMATICA,TITA_NR_TEMPO_EXECUCAO,TARE_IN_SOMENTE_AGRUPADOR) values ('13','CONTACTAR_FASE_3','0','3600','0');
Insert into TIPO_TAREFA (TITA_ID,TITA_TX_DESCRICAO,TITA_IN_AUTOMATICA,TITA_NR_TEMPO_EXECUCAO,TARE_IN_SOMENTE_AGRUPADOR) values ('14','TIMEOUT','1','3600','0');
Insert into TIPO_TAREFA (TITA_ID,TITA_TX_DESCRICAO,TITA_IN_AUTOMATICA,TITA_NR_TEMPO_EXECUCAO,TARE_IN_SOMENTE_AGRUPADOR) values ('33','AVALIAR_RESULTADO_WORKUP','0',null,'0');
Insert into TIPO_TAREFA (TITA_ID,TITA_TX_DESCRICAO,TITA_IN_AUTOMATICA,TITA_NR_TEMPO_EXECUCAO,TARE_IN_SOMENTE_AGRUPADOR) values ('34','RESULTADO_WORKUP_FOLLOW_UP','1','86400','0');
Insert into TIPO_TAREFA (TITA_ID,TITA_TX_DESCRICAO,TITA_IN_AUTOMATICA,TITA_NR_TEMPO_EXECUCAO,TARE_IN_SOMENTE_AGRUPADOR) values ('37','AVALIAR_PEDIDO_COLETA','0','3600','0');
Insert into TIPO_TAREFA (TITA_ID,TITA_TX_DESCRICAO,TITA_IN_AUTOMATICA,TITA_NR_TEMPO_EXECUCAO,TARE_IN_SOMENTE_AGRUPADOR) values ('38','ANALISE_MEDICA_DOADOR_COLETA','0','3600','0');
Insert into TIPO_TAREFA (TITA_ID,TITA_TX_DESCRICAO,TITA_IN_AUTOMATICA,TITA_NR_TEMPO_EXECUCAO,TARE_IN_SOMENTE_AGRUPADOR) values ('39','RESPONDER_PEDIDO_ADICIONAL','0',null,'0');
Insert into TIPO_TAREFA (TITA_ID,TITA_TX_DESCRICAO,TITA_IN_AUTOMATICA,TITA_NR_TEMPO_EXECUCAO,TARE_IN_SOMENTE_AGRUPADOR) values ('40','PEDIDO_COLETA','0',null,'0');
Insert into TIPO_TAREFA (TITA_ID,TITA_TX_DESCRICAO,TITA_IN_AUTOMATICA,TITA_NR_TEMPO_EXECUCAO,TARE_IN_SOMENTE_AGRUPADOR) values ('46','CANCELAR_AGENDAMENTO_PEDIDO_COLETA_DOADOR','0',null,'0');
Insert into TIPO_TAREFA (TITA_ID,TITA_TX_DESCRICAO,TITA_IN_AUTOMATICA,TITA_NR_TEMPO_EXECUCAO,TARE_IN_SOMENTE_AGRUPADOR) values ('47','CANCELAR_AGENDAMENTO_PEDIDO_COLETA_CENTRO_COLETA','0',null,'0');
Insert into TIPO_TAREFA (TITA_ID,TITA_TX_DESCRICAO,TITA_IN_AUTOMATICA,TITA_NR_TEMPO_EXECUCAO,TARE_IN_SOMENTE_AGRUPADOR) values ('49','AVALIACAO_PRESCRICAO','0',null,'0');
Insert into TIPO_TAREFA (TITA_ID,TITA_TX_DESCRICAO,TITA_IN_AUTOMATICA,TITA_NR_TEMPO_EXECUCAO,TARE_IN_SOMENTE_AGRUPADOR) values ('51','NOTIFICACAO_MEDICO_DESCARTE_PRESCRICAO','1','3600','0');
Insert into TIPO_TAREFA (TITA_ID,TITA_TX_DESCRICAO,TITA_IN_AUTOMATICA,TITA_NR_TEMPO_EXECUCAO,TARE_IN_SOMENTE_AGRUPADOR) values ('55','PEDIDO_TRANSPORTE','0',null,'0');
Insert into TIPO_TAREFA (TITA_ID,TITA_TX_DESCRICAO,TITA_IN_AUTOMATICA,TITA_NR_TEMPO_EXECUCAO,TARE_IN_SOMENTE_AGRUPADOR) values ('60','RECEBER_COLETA_PARA_EXAME','0',null,'0');
Insert into TIPO_TAREFA (TITA_ID,TITA_TX_DESCRICAO,TITA_IN_AUTOMATICA,TITA_NR_TEMPO_EXECUCAO,TARE_IN_SOMENTE_AGRUPADOR) values ('88','CHECKLIST_BUSCA_EXAME_FOLLOWUP_30D','1','3600','0');
Insert into TIPO_TAREFA (TITA_ID,TITA_TX_DESCRICAO,TITA_IN_AUTOMATICA,TITA_NR_TEMPO_EXECUCAO,TARE_IN_SOMENTE_AGRUPADOR) values ('7','TIMEOUT_CONFERENCIA_EXAME','1','3600','0');
Insert into TIPO_TAREFA (TITA_ID,TITA_TX_DESCRICAO,TITA_IN_AUTOMATICA,TITA_NR_TEMPO_EXECUCAO,TARE_IN_SOMENTE_AGRUPADOR) values ('30','PEDIDO_WORKUP','0',null,'0');
Insert into TIPO_TAREFA (TITA_ID,TITA_TX_DESCRICAO,TITA_IN_AUTOMATICA,TITA_NR_TEMPO_EXECUCAO,TARE_IN_SOMENTE_AGRUPADOR) values ('44','NOTIFICACAO_PEDIDO_COLETA_AVALIADO','0',null,'0');
Insert into TIPO_TAREFA (TITA_ID,TITA_TX_DESCRICAO,TITA_IN_AUTOMATICA,TITA_NR_TEMPO_EXECUCAO,TARE_IN_SOMENTE_AGRUPADOR) values ('45','NOTIFICACAO_RESULTADO_AVALIACAO_PEDIDO_COLETA','0',null,'0');
Insert into TIPO_TAREFA (TITA_ID,TITA_TX_DESCRICAO,TITA_IN_AUTOMATICA,TITA_NR_TEMPO_EXECUCAO,TARE_IN_SOMENTE_AGRUPADOR) values ('93','RESULTADO_EXAME_INTERNACIONAL','0',null,'1');
Insert into TIPO_TAREFA (TITA_ID,TITA_TX_DESCRICAO,TITA_IN_AUTOMATICA,TITA_NR_TEMPO_EXECUCAO,TARE_IN_SOMENTE_AGRUPADOR) values ('83','MATERIAL_INTERNACIONAL_RETIRADA_ENTREGA','0',null,'0');
Insert into TIPO_TAREFA (TITA_ID,TITA_TX_DESCRICAO,TITA_IN_AUTOMATICA,TITA_NR_TEMPO_EXECUCAO,TARE_IN_SOMENTE_AGRUPADOR) values ('90','RESULTADO_EXAME_NACIONAL','0',null,'1');
COMMIT;

Insert into PROCESSO (PROC_ID,PROC_DT_CRIACAO,PROC_DT_ATUALIZACAO,PROC_NR_TIPO,PACI_NR_RMR,PROC_NR_STATUS) values ('81328',to_timestamp('18/04/19 19:02:09,260000000','DD/MM/RR HH24:MI:SSXFF'),to_timestamp('18/04/19 19:02:09,260000000','DD/MM/RR HH24:MI:SSXFF'),'5','3059735','1');
Insert into PROCESSO (PROC_ID,PROC_DT_CRIACAO,PROC_DT_ATUALIZACAO,PROC_NR_TIPO,PACI_NR_RMR,PROC_NR_STATUS) values ('82042',to_timestamp('24/04/19 17:56:56,407000000','DD/MM/RR HH24:MI:SSXFF'),to_timestamp('24/04/19 17:56:56,407000000','DD/MM/RR HH24:MI:SSXFF'),'25','3059751','1');
Insert into PROCESSO (PROC_ID,PROC_DT_CRIACAO,PROC_DT_ATUALIZACAO,PROC_NR_TIPO,PACI_NR_RMR,PROC_NR_STATUS) values ('81663',to_timestamp('24/04/19 17:56:56,407000000','DD/MM/RR HH24:MI:SSXFF'),to_timestamp('24/04/19 17:56:56,407000000','DD/MM/RR HH24:MI:SSXFF'),'25','3059751','1');

/*Insert into PROCESSO (PROC_ID,PROC_DT_CRIACAO,PROC_DT_ATUALIZACAO,PROC_NR_TIPO,PACI_NR_RMR,PROC_NR_STATUS) values ('81329',to_timestamp('18/04/19 19:02:09,260000000','DD/MM/RR HH24:MI:SSXFF'),to_timestamp('18/04/19 19:02:09,260000000','DD/MM/RR HH24:MI:SSXFF'),'5','300000','1');
*/

COMMIT;


Insert into TAREFA (TARE_ID,PROC_ID,TARE_DT_CRIACAO,TARE_DT_ATUALIZACAO,TITA_ID,TARE_NR_STATUS,PERF_ID_RESPONSAVEL,CETR_ID_RESPONSAVEL,TARE_TX_DESCRICAO,USUA_ID_RESPONSAVEL,TARE_NR_RELACAO_ENTIDADE,TARE_DT_INICIO,TARE_DT_FIM,TARE_DT_HORA_INICIO,TARE_DT_HORA_FIM,TARE_IN_INCLUSIVO_EXCLUSIVO,TARE_IN_AGENDADO,USUA_ID_ULTIMO_RESPONSAVEL,TARE_NR_PARCEIRO,TARE_ID_TAREFA_PAI) values ('109903','81328',to_timestamp('17/04/19 11:00:05,199000000','DD/MM/RR HH24:MI:SSXFF'),to_timestamp('12/11/19 16:12:01,287000000','DD/MM/RR HH24:MI:SSXFF'),'9','1',null,null,null,null,'109902',null,null,null,null,null,'0',null,null,null);
Insert into TAREFA (TARE_ID,PROC_ID,TARE_DT_CRIACAO,TARE_DT_ATUALIZACAO,TITA_ID,TARE_NR_STATUS,PERF_ID_RESPONSAVEL,CETR_ID_RESPONSAVEL,TARE_TX_DESCRICAO,USUA_ID_RESPONSAVEL,TARE_NR_RELACAO_ENTIDADE,TARE_DT_INICIO,TARE_DT_FIM,TARE_DT_HORA_INICIO,TARE_DT_HORA_FIM,TARE_IN_INCLUSIVO_EXCLUSIVO,TARE_IN_AGENDADO,USUA_ID_ULTIMO_RESPONSAVEL,TARE_NR_PARCEIRO,TARE_ID_TAREFA_PAI) values ('7478','81328',to_timestamp('17/04/19 11:00:05,199000000','DD/MM/RR HH24:MI:SSXFF'),to_timestamp('12/11/19 16:12:01,287000000','DD/MM/RR HH24:MI:SSXFF'),'9','1',null,null,null,null,NULL,null,null,null,null,null,'0',null,null,'109903');
Insert into TAREFA (TARE_ID,PROC_ID,TARE_DT_CRIACAO,TARE_DT_ATUALIZACAO,TITA_ID,TARE_NR_STATUS,PERF_ID_RESPONSAVEL,CETR_ID_RESPONSAVEL,TARE_TX_DESCRICAO,USUA_ID_RESPONSAVEL,TARE_NR_RELACAO_ENTIDADE,TARE_DT_INICIO,TARE_DT_FIM,TARE_DT_HORA_INICIO,TARE_DT_HORA_FIM,TARE_IN_INCLUSIVO_EXCLUSIVO,TARE_IN_AGENDADO,USUA_ID_ULTIMO_RESPONSAVEL,TARE_NR_PARCEIRO,TARE_ID_TAREFA_PAI) values ('200','81328',to_timestamp('17/04/19 11:00:05,199000000','DD/MM/RR HH24:MI:SSXFF'),to_timestamp('12/11/19 16:12:01,287000000','DD/MM/RR HH24:MI:SSXFF'),'9','1',null,null,null,null,null,null,null,null,null,null,'0',null,null,'109903');
Insert into TAREFA (TARE_ID,PROC_ID,TARE_DT_CRIACAO,TARE_DT_ATUALIZACAO,TITA_ID,TARE_NR_STATUS,PERF_ID_RESPONSAVEL,CETR_ID_RESPONSAVEL,TARE_TX_DESCRICAO,USUA_ID_RESPONSAVEL,TARE_NR_RELACAO_ENTIDADE,TARE_DT_INICIO,TARE_DT_FIM,TARE_DT_HORA_INICIO,TARE_DT_HORA_FIM,TARE_IN_INCLUSIVO_EXCLUSIVO,TARE_IN_AGENDADO,USUA_ID_ULTIMO_RESPONSAVEL,TARE_NR_PARCEIRO,TARE_ID_TAREFA_PAI,USUA_ID_AGENDAMENTO) values ('300','81663',to_timestamp('03/01/20 16:48:59,762000000','DD/MM/RR HH24:MI:SSXFF'),to_timestamp('03/01/20 16:49:49,885000000','DD/MM/RR HH24:MI:SSXFF'),'12','3','7',null,null,null,'1022',to_timestamp('02/01/19 00:00:00,000000000','DD/MM/RR HH24:MI:SSXFF'),null,to_timestamp('02/01/19 10:00:00,000000000','DD/MM/RR HH24:MI:SSXFF'),to_timestamp('02/01/19 12:00:00,000000000','DD/MM/RR HH24:MI:SSXFF'),null,'1',null,null,null,'7');

Insert into TAREFA (TARE_ID,PROC_ID,TARE_DT_CRIACAO,TARE_DT_ATUALIZACAO,TITA_ID,TARE_NR_STATUS,PERF_ID_RESPONSAVEL,CETR_ID_RESPONSAVEL,TARE_TX_DESCRICAO,USUA_ID_RESPONSAVEL,TARE_NR_RELACAO_ENTIDADE,TARE_DT_INICIO,TARE_DT_FIM,TARE_DT_HORA_INICIO,TARE_DT_HORA_FIM,TARE_IN_INCLUSIVO_EXCLUSIVO,TARE_IN_AGENDADO,USUA_ID_ULTIMO_RESPONSAVEL,TARE_NR_PARCEIRO,TARE_ID_TAREFA_PAI) values ('1','81328',to_timestamp('20/04/20 11:00:05,199000000','DD/MM/RR HH24:MI:SSXFF'),to_timestamp('20/04/20 16:12:01,287000000','DD/MM/RR HH24:MI:SSXFF'),'101','1',null,null,null,null,'12',null,null,null,null,null,'0',null,null,null);


commit;

