ALTER TABLE MODRED.MATCH 
ADD(MATC_TX_GRADE VARCHAR2(5 BYTE), 
    MATC_TX_MISMATCH VARCHAR2(20 BYTE),
    MATC_TX_GRADE_ANTES VARCHAR2(5 BYTE), 
    MATC_TX_MISMATCH_ANTES VARCHAR2(20 BYTE),    
    MATC_DT_MATCH TIMESTAMP,
    MATC_DT_ALTERACAO TIMESTAMP);
    
COMMENT ON COLUMN MODRED.MATCH.MATC_TX_GRADE IS 'Match grade ex: "05/06", "06/06"';
COMMENT ON COLUMN MODRED.MATCH.MATC_TX_MISMATCH IS 'Informa os locus onde estão os mismatchs';
COMMENT ON COLUMN MODRED.MATCH.MATC_TX_GRADE_ANTES IS 'Match grade anterior ex: "05/06", "06/06"';
COMMENT ON COLUMN MODRED.MATCH.MATC_TX_MISMATCH_ANTES IS 'Locus onde estavam os mismatchs anteriormente';
COMMENT ON COLUMN MODRED.MATCH.MATC_DT_MATCH IS 'Data em que o primeiro match foi executado';
COMMENT ON COLUMN MODRED.MATCH.MATC_DT_ALTERACAO IS 'Data em que o match foi atualizado';


ALTER TABLE MODRED.MATCH_PRELIMINAR 
DROP COLUMN MAPR_IN_FASE;

ALTER TABLE MODRED.MATCH_PRELIMINAR 
ADD (MAPR_TX_GRADE VARCHAR2(5),
     MAPR_TX_MISMATCH VARCHAR2(20),
     MAPR_DT_MATCH TIMESTAMP);

COMMENT ON COLUMN MODRED.MATCH_PRELIMINAR.MAPR_TX_GRADE IS 'Match grade ex: "05/06", "06/06"';
COMMENT ON COLUMN MODRED.MATCH_PRELIMINAR.MAPR_TX_MISMATCH IS 'Informa os locus onde estão os mismatchs';
COMMENT ON COLUMN MODRED.MATCH_PRELIMINAR.MAPR_DT_MATCH IS 'Data em que o primeiro match foi executado';


DELETE FROM MODRED.GENOTIPO_BUSCA_PRELIMINAR;
DELETE FROM MODRED.GENOTIPO_EXPANDIDO_PRELIMINAR;
DELETE FROM MODRED.GENOTIPO_PRELIMINAR;
DELETE FROM MODRED.QUALIFICACAO_MATCH_PRELIMINAR;
DELETE FROM MODRED.MATCH_PRELIMINAR;
DELETE FROM MODRED.LOCUS_EXAME_PRELIMINAR;
DELETE FROM MODRED.BUSCA_PRELIMINAR;
COMMIT;

DROP INDEX MODRED.IN_FK_QUMP_DOAD;

ALTER TABLE MODRED.QUALIFICACAO_MATCH_PRELIMINAR 
DROP CONSTRAINT FK_QUMP_DOAD;

ALTER TABLE MODRED.QUALIFICACAO_MATCH_PRELIMINAR 
DROP COLUMN DOAD_ID;

ALTER TABLE MODRED.LOCUS_EXAME_PRELIMINAR  
MODIFY (LOEP_TX_CODIGO_LOCUS VARCHAR2(4) );

ALTER TABLE MODRED.LOCUS_EXAME_PRELIMINAR RENAME COLUMN LOEP_TX_CODIGO_LOCUS TO LOCU_ID;

CREATE INDEX MODRED.IN_FK_LOEP_LOCU ON MODRED.LOCUS_EXAME_PRELIMINAR (LOCU_ID);

ALTER TABLE MODRED.LOCUS_EXAME_PRELIMINAR
ADD CONSTRAINT FK_LOEP_LOCU FOREIGN KEY
(
  LOCU_ID 
)
REFERENCES MODRED.LOCUS
(
  LOCU_ID 
)
ENABLE;

COMMENT ON COLUMN MODRED.LOCUS_EXAME_PRELIMINAR.LOCU_ID IS 'Identificador para a tabela de Locus.';

ALTER TABLE MODRED.GENOTIPO_PRELIMINAR 
DROP CONSTRAINT PK_GEPR;

DROP SEQUENCE MODRED.SQ_GEPR_ID;

ALTER TABLE MODRED.GENOTIPO_PRELIMINAR RENAME COLUMN GEPR_ID TO LOEP_ID;

ALTER TABLE MODRED.GENOTIPO_PRELIMINAR RENAME COLUMN GEPR_TX_CODIGO_LOCUS TO LOCU_ID;

ALTER TABLE MODRED.GENOTIPO_PRELIMINAR  
MODIFY (LOCU_ID VARCHAR2(4) );

ALTER TABLE MODRED.GENOTIPO_PRELIMINAR 
RENAME TO VALOR_GENOTIPO_PRELIMINAR;

ALTER TABLE MODRED.VALOR_GENOTIPO_PRELIMINAR RENAME COLUMN GEPR_TX_ALELO TO VGPR_TX_ALELO;

ALTER TABLE MODRED.VALOR_GENOTIPO_PRELIMINAR RENAME COLUMN GEPR_NR_POSICAO_ALELO TO VGPR_NR_POSICAO_ALELO;

ALTER TABLE MODRED.VALOR_GENOTIPO_PRELIMINAR RENAME COLUMN GEPR_IN_COMPOSICAO_VALOR TO VGPR_NR_TIPO;

ALTER INDEX MODRED.IN_FK_GEPR_BUPR 
RENAME TO IN_FK_VGPR_BUPR;

ALTER TABLE MODRED.VALOR_GENOTIPO_PRELIMINAR 
RENAME CONSTRAINT FK_GEPR_BUPR TO FK_VGPR_BUPR;

ALTER TABLE MODRED.VALOR_GENOTIPO_PRELIMINAR
ADD CONSTRAINT PK_VGPR PRIMARY KEY 
(
  LOEP_ID 
, LOCU_ID 
, VGPR_NR_POSICAO_ALELO 
)
ENABLE;

CREATE INDEX IN_FK_VGPR_LOEP ON MODRED.VALOR_GENOTIPO_PRELIMINAR (LOEP_ID);

ALTER TABLE VALOR_GENOTIPO_PRELIMINAR
ADD CONSTRAINT FK_VGPR_LOEP FOREIGN KEY
(
  LOEP_ID 
)
REFERENCES LOCUS_EXAME_PRELIMINAR
(
  LOEP_ID 
)
ENABLE;


CREATE INDEX MODRED.IN_FK_VGPR_LOCU ON MODRED.VALOR_GENOTIPO_PRELIMINAR (LOCU_ID);

ALTER TABLE MODRED.VALOR_GENOTIPO_PRELIMINAR
ADD CONSTRAINT FK_VGPR_LOCU FOREIGN KEY
(
  LOCU_ID 
)
REFERENCES MODRED.LOCUS
(
  LOCU_ID 
)
ENABLE;

COMMENT ON COLUMN MODRED.VALOR_GENOTIPO_PRELIMINAR.LOEP_ID IS 'Identificador da tabela de locus_exame_preliminar';
COMMENT ON COLUMN MODRED.VALOR_GENOTIPO_PRELIMINAR.LOCU_ID IS 'Identificador da tabela de locus_exame_preliminar e a tabela de locus.';

ALTER TABLE MODRED.GENOTIPO_BUSCA_PRELIMINAR 
RENAME TO VALOR_GENOTIPO_BUSCA_PRELIMINA;

DROP SEQUENCE MODRED.SQ_GEBP_ID;

CREATE SEQUENCE MODRED.SQ_VABP_ID INCREMENT BY 1 MAXVALUE 9999999999999999999999999999 MINVALUE 1 CACHE 20 ORDER;

ALTER TABLE MODRED.VALOR_GENOTIPO_BUSCA_PRELIMINA RENAME COLUMN GEBP_ID TO VABP_ID;

ALTER TABLE MODRED.VALOR_GENOTIPO_BUSCA_PRELIMINA RENAME COLUMN GEBP_TX_CODIGO_LOCUS TO LOCU_ID;

ALTER TABLE MODRED.VALOR_GENOTIPO_BUSCA_PRELIMINA RENAME COLUMN GEBP_TX_ALELO TO VABP_TX_VALOR;

ALTER TABLE MODRED.VALOR_GENOTIPO_BUSCA_PRELIMINA  
MODIFY (VABP_TX_VALOR VARCHAR2(10 BYTE) );

ALTER TABLE MODRED.VALOR_GENOTIPO_BUSCA_PRELIMINA RENAME COLUMN GEBP_NR_POSICAO_ALELO TO VABP_NR_POSICAO;

ALTER TABLE MODRED.VALOR_GENOTIPO_BUSCA_PRELIMINA RENAME COLUMN GEBP_IN_COMPOSICAO_VALOR TO VABP_NR_TIPO;

ALTER INDEX MODRED.IN_FK_GEBP_BUPR 
RENAME TO IN_FK_VABP_BUPR;

ALTER INDEX MODRED.PK_GEBP 
RENAME TO PK_VABP;

ALTER TABLE MODRED.VALOR_GENOTIPO_BUSCA_PRELIMINA 
RENAME CONSTRAINT PK_GEBP TO PK_VABP;

ALTER TABLE MODRED.VALOR_GENOTIPO_BUSCA_PRELIMINA 
RENAME CONSTRAINT FK_GEBP_BUPR TO FK_VABP_BUPR;

COMMENT ON COLUMN MODRED.VALOR_GENOTIPO_BUSCA_PRELIMINA.LOCU_ID IS 'Identificador da tabela de locus..';

CREATE INDEX MODRED.IN_FK_VABP_LOCU ON MODRED.VALOR_GENOTIPO_BUSCA_PRELIMINA (LOCU_ID);

ALTER TABLE MODRED.VALOR_GENOTIPO_BUSCA_PRELIMINA
ADD CONSTRAINT FK_VABP_LOCU FOREIGN KEY
(
  LOCU_ID 
)
REFERENCES LOCUS
(
  LOCU_ID 
)
ENABLE;

ALTER TABLE MODRED.GENOTIPO_EXPANDIDO_PRELIMINAR 
RENAME TO VALOR_GENOTIPO_EXPAND_PRELIMIN;

DROP SEQUENCE MODRED.SQ_GEEP_ID;

CREATE SEQUENCE MODRED.SQ_VAEP_ID INCREMENT BY 1 MAXVALUE 9999999999999999999999999999 MINVALUE 1 CACHE 20 ORDER;

ALTER TABLE MODRED.VALOR_GENOTIPO_EXPAND_PRELIMIN RENAME COLUMN GEEP_ID TO VAEP_ID;

ALTER TABLE MODRED.VALOR_GENOTIPO_EXPAND_PRELIMIN RENAME COLUMN GEEP_TX_CODIGO_LOCUS TO LOCU_ID;

ALTER TABLE MODRED.VALOR_GENOTIPO_EXPAND_PRELIMIN RENAME COLUMN GEEP_NR_ALELO TO VAEP_NR_VALOR;

ALTER TABLE MODRED.VALOR_GENOTIPO_EXPAND_PRELIMIN RENAME COLUMN GEEP_NR_POSICAO_ALELO TO VAEP_NR_POSICAO;

ALTER INDEX MODRED.IN_FK_GEEP_BUPR 
RENAME TO IN_FK_VAEP_BUPR;

ALTER INDEX MODRED.PK_GEEP 
RENAME TO PK_VAEP;

ALTER TABLE MODRED.VALOR_GENOTIPO_EXPAND_PRELIMIN 
RENAME CONSTRAINT PK_GEEP TO PK_VAEP;

ALTER TABLE MODRED.VALOR_GENOTIPO_EXPAND_PRELIMIN 
RENAME CONSTRAINT FK_GEEP_BUPR TO FK_VAEP_BUPR;

COMMENT ON COLUMN MODRED.VALOR_GENOTIPO_EXPAND_PRELIMIN.LOCU_ID IS 'Identificador para a tabela de locus.';

CREATE INDEX MODRED.IN_FK_VAEP_LOCU ON MODRED.VALOR_GENOTIPO_EXPAND_PRELIMIN (LOCU_ID);

ALTER TABLE MODRED.VALOR_GENOTIPO_EXPAND_PRELIMIN
ADD CONSTRAINT FK_VAEP_LOCU FOREIGN KEY
(
  LOCU_ID 
)
REFERENCES LOCUS
(
  LOCU_ID 
)
ENABLE;

ALTER TABLE MODRED.DOADOR
ADD (DOAD_NR_ID_CAMPANHA_REDOMEWEB NUMBER);

COMMENT ON COLUMN "MODRED"."DOADOR"."DOAD_NR_ID_CAMPANHA_REDOMEWEB" IS 'Identificador da campanha na base do REDOMEWeb (integração).';  

ALTER TABLE MODRED.DOADOR_AUD
ADD (DOAD_NR_ID_CAMPANHA_REDOMEWEB NUMBER);

COMMENT ON COLUMN "MODRED"."DOADOR_AUD"."DOAD_NR_ID_CAMPANHA_REDOMEWEB" IS 'Identificador da campanha na base do REDOMEWeb (integração).';  

ALTER TABLE MODRED.DOADOR
ADD (DOAD_DT_COLETA DATE);

COMMENT ON COLUMN "MODRED"."DOADOR"."DOAD_DT_COLETA" IS 'Data da Coleta da Amostra de 1ª fase na base do REDOMEWeb (integração).';  

ALTER TABLE MODRED.DOADOR_AUD
ADD (DOAD_DT_COLETA DATE);

COMMENT ON COLUMN "MODRED"."DOADOR_AUD"."DOAD_DT_COLETA" IS 'Data da Coleta da Amostra de 1ª fase na base do REDOMEWeb (integração).';  

REM INSERTING into MODRED.CLASSIFICACAO_ABO
SET DEFINE OFF;
Insert into MODRED.CLASSIFICACAO_ABO (CLAB_TX_ABO,CLAB_VL_PRIORIDADE,CLAB_TX_ABO_RELACAO) values ('A+','2','NI');
Insert into MODRED.CLASSIFICACAO_ABO (CLAB_TX_ABO,CLAB_VL_PRIORIDADE,CLAB_TX_ABO_RELACAO) values ('A-','2','NI');
Insert into MODRED.CLASSIFICACAO_ABO (CLAB_TX_ABO,CLAB_VL_PRIORIDADE,CLAB_TX_ABO_RELACAO) values ('AB-','2','NI');
Insert into MODRED.CLASSIFICACAO_ABO (CLAB_TX_ABO,CLAB_VL_PRIORIDADE,CLAB_TX_ABO_RELACAO) values ('B+','2','NI');
Insert into MODRED.CLASSIFICACAO_ABO (CLAB_TX_ABO,CLAB_VL_PRIORIDADE,CLAB_TX_ABO_RELACAO) values ('B-','2','NI');
Insert into MODRED.CLASSIFICACAO_ABO (CLAB_TX_ABO,CLAB_VL_PRIORIDADE,CLAB_TX_ABO_RELACAO) values ('O-','1','NI');
Insert into MODRED.CLASSIFICACAO_ABO (CLAB_TX_ABO,CLAB_VL_PRIORIDADE,CLAB_TX_ABO_RELACAO) values ('NI','1','NI');
Insert into MODRED.CLASSIFICACAO_ABO (CLAB_TX_ABO,CLAB_VL_PRIORIDADE,CLAB_TX_ABO_RELACAO) values ('NI','2','AB+');
Insert into MODRED.CLASSIFICACAO_ABO (CLAB_TX_ABO,CLAB_VL_PRIORIDADE,CLAB_TX_ABO_RELACAO) values ('NI','2','A+');
Insert into MODRED.CLASSIFICACAO_ABO (CLAB_TX_ABO,CLAB_VL_PRIORIDADE,CLAB_TX_ABO_RELACAO) values ('NI','2','AB-');
Insert into MODRED.CLASSIFICACAO_ABO (CLAB_TX_ABO,CLAB_VL_PRIORIDADE,CLAB_TX_ABO_RELACAO) values ('NI','2','A-');
Insert into MODRED.CLASSIFICACAO_ABO (CLAB_TX_ABO,CLAB_VL_PRIORIDADE,CLAB_TX_ABO_RELACAO) values ('NI','2','B-');
Insert into MODRED.CLASSIFICACAO_ABO (CLAB_TX_ABO,CLAB_VL_PRIORIDADE,CLAB_TX_ABO_RELACAO) values ('NI','2','B+');
Insert into MODRED.CLASSIFICACAO_ABO (CLAB_TX_ABO,CLAB_VL_PRIORIDADE,CLAB_TX_ABO_RELACAO) values ('NI','2','O-');
Insert into MODRED.CLASSIFICACAO_ABO (CLAB_TX_ABO,CLAB_VL_PRIORIDADE,CLAB_TX_ABO_RELACAO) values ('NI','2','O+');
commit;


CREATE TABLE MODRED.TIPO_PERMISSIVIDADE 
(
  TIPM_ID NUMBER NOT NULL
, TIPM_TX_DESCRICAO VARCHAR2(30) NOT NULL
, CONSTRAINT PK_TIPM PRIMARY KEY 
  (
    TIPM_ID 
  )
  ENABLE 
);

COMMENT ON TABLE MODRED.TIPO_PERMISSIVIDADE IS 'Tabela de tipos de permissividade.';
COMMENT ON COLUMN MODRED.TIPO_PERMISSIVIDADE.TIPM_ID IS 'Identificador único da tabela.';


CREATE TABLE MODRED.GRUPO_PERMISSIVIDADE 
(
  GRPE_ID NUMBER NOT NULL 
, CONSTRAINT PK_GRPE PRIMARY KEY 
  (
    GRPE_ID 
  )
  ENABLE 
);

COMMENT ON TABLE MODRED.GRUPO_PERMISSIVIDADE IS 'Tabela de grupos de permissividade.';
COMMENT ON COLUMN MODRED.GRUPO_PERMISSIVIDADE.GRPE_ID IS 'Identificador único da tabela.';

CREATE SEQUENCE MODRED.SQ_DPGP_ID MINVALUE 1 MAXVALUE 9999999999999999999999999999 INCREMENT BY 1 START WITH 4334 CACHE 20 ORDER;


CREATE TABLE MODRED.DPB1_GRUPO_PERMISSIVIDADE
(
  DPGP_ID NUMBER NOT NULL 
, GRPE_ID NUMBER NOT NULL 
, DPGP_TX_VALOR_ALELO VARCHAR2(20) NOT NULL 
, CONSTRAINT PK_DPGP PRIMARY KEY 
  (
    DPGP_ID 
  )
  ENABLE 
);

ALTER TABLE MODRED.DPB1_GRUPO_PERMISSIVIDADE
ADD CONSTRAINT UK_DPGP_TX_VALOR_ALELO UNIQUE 
(
  DPGP_TX_VALOR_ALELO 
)
USING INDEX 
(
    CREATE UNIQUE INDEX MODRED.IN_UK_DPGP_TX_VALOR_ALELO ON MODRED.DPB1_GRUPO_PERMISSIVIDADE (DPGP_TX_VALOR_ALELO ASC) 
)
 ENABLE;

COMMENT ON TABLE MODRED.DPB1_GRUPO_PERMISSIVIDADE IS 'Tabela de valores alélicos de DPB1 por grupo de permisividade.';
COMMENT ON COLUMN MODRED.DPB1_GRUPO_PERMISSIVIDADE.DPGP_ID IS 'Identificador único da tabela.';
COMMENT ON COLUMN MODRED.DPB1_GRUPO_PERMISSIVIDADE.GRPE_ID IS 'Referência para a tabela GRUPO_PERMISSIVIDADE.';
COMMENT ON COLUMN MODRED.DPB1_GRUPO_PERMISSIVIDADE.DPGP_TX_VALOR_ALELO IS 'Valor alélico de dpb1.';

CREATE INDEX MODRED.IN_FK_DPGP_GRPE ON MODRED.DPB1_GRUPO_PERMISSIVIDADE (GRPE_ID);

ALTER TABLE MODRED.DPB1_GRUPO_PERMISSIVIDADE
ADD CONSTRAINT FK_DPGP_GRPE FOREIGN KEY
(
  GRPE_ID 
)
REFERENCES MODRED.GRUPO_PERMISSIVIDADE
(
  GRPE_ID 
)
ENABLE;


CREATE SEQUENCE MODRED.SQ_DGPD_ID MINVALUE 1 MAXVALUE 9999999999999999999999999999 INCREMENT BY 1 START WITH 4334 CACHE 20 ORDER;

CREATE TABLE MODRED.DPB1_GRUPO_PERMIS_PACIE_DOADOR
(
  DGPD_ID NUMBER NOT NULL 
, GRPE_ID_PACIENTE_ALELO1 NUMBER NOT NULL 
, GRPE_ID_PACIENTE_ALELO2 NUMBER NOT NULL 
, GRPE_ID_DOADOR_ALELO1 NUMBER NOT NULL 
, GRPE_ID_DOADOR_ALELO2 NUMBER NOT NULL 
, TIPM_ID NUMBER NOT NULL 
, CONSTRAINT PK_DGPD PRIMARY KEY 
  (
    DGPD_ID 
  )
  ENABLE 
);

CREATE INDEX MODRED.IN_FK_DGPD_GRPE_DOADOR_ALELO_1 ON MODRED.DPB1_GRUPO_PERMIS_PACIE_DOADOR (GRPE_ID_DOADOR_ALELO1);

CREATE INDEX MODRED.IN_FK_DGPD_GRPE_DOADOR_ALELO_2 ON MODRED.DPB1_GRUPO_PERMIS_PACIE_DOADOR (GRPE_ID_DOADOR_ALELO2);

CREATE INDEX MODRED.IN_FK_DGPD_GRPE_PACIEN_ALELO_1 ON MODRED.DPB1_GRUPO_PERMIS_PACIE_DOADOR (GRPE_ID_PACIENTE_ALELO1);

CREATE INDEX MODRED.IN_FK_DGPD_GRPE_PACIEN_ALELO_2 ON MODRED.DPB1_GRUPO_PERMIS_PACIE_DOADOR (GRPE_ID_PACIENTE_ALELO2);

CREATE INDEX MODRED.IN_FK_DGPD_TIPM ON MODRED.DPB1_GRUPO_PERMIS_PACIE_DOADOR (TIPM_ID);

ALTER TABLE MODRED.DPB1_GRUPO_PERMIS_PACIE_DOADOR
ADD CONSTRAINT UK_GRUPO_PERMISSIVIDADE UNIQUE 
(
  GRPE_ID_PACIENTE_ALELO1 
, GRPE_ID_PACIENTE_ALELO2 
, GRPE_ID_DOADOR_ALELO1 
, GRPE_ID_DOADOR_ALELO2 
)
USING INDEX 
(
    CREATE UNIQUE INDEX MODRED.IN_UK_GRUPO_PERMISSIVIDADE ON MODRED.DPB1_GRUPO_PERMIS_PACIE_DOADOR (GRPE_ID_PACIENTE_ALELO1 ASC, GRPE_ID_PACIENTE_ALELO2 ASC, GRPE_ID_DOADOR_ALELO1 ASC, GRPE_ID_DOADOR_ALELO2 ASC) 
)
 ENABLE;

ALTER TABLE MODRED.DPB1_GRUPO_PERMIS_PACIE_DOADOR
ADD CONSTRAINT FK_DGPD_GRPE_DOADOR_ALELO_1 FOREIGN KEY
(
  GRPE_ID_DOADOR_ALELO1 
)
REFERENCES MODRED.GRUPO_PERMISSIVIDADE
(
  GRPE_ID 
)
ENABLE;

ALTER TABLE MODRED.DPB1_GRUPO_PERMIS_PACIE_DOADOR
ADD CONSTRAINT FK_DGPD_GRPE_DOADOR_ALELO_2 FOREIGN KEY
(
  GRPE_ID_DOADOR_ALELO2 
)
REFERENCES MODRED.GRUPO_PERMISSIVIDADE
(
  GRPE_ID 
)
ENABLE;

ALTER TABLE MODRED.DPB1_GRUPO_PERMIS_PACIE_DOADOR
ADD CONSTRAINT FK_DGPD_GRPE_PACIENTE_ALELO_1 FOREIGN KEY
(
  GRPE_ID_PACIENTE_ALELO1 
)
REFERENCES MODRED.GRUPO_PERMISSIVIDADE
(
  GRPE_ID 
)
ENABLE;

ALTER TABLE MODRED.DPB1_GRUPO_PERMIS_PACIE_DOADOR
ADD CONSTRAINT FK_DGPD_GRPE_PACIENTE_ALELO_2 FOREIGN KEY
(
  GRPE_ID_PACIENTE_ALELO2 
)
REFERENCES MODRED.GRUPO_PERMISSIVIDADE
(
  GRPE_ID 
)
ENABLE;

ALTER TABLE MODRED.DPB1_GRUPO_PERMIS_PACIE_DOADOR
ADD CONSTRAINT FK_DGPD_TIPM FOREIGN KEY
(
  TIPM_ID 
)
REFERENCES MODRED.TIPO_PERMISSIVIDADE
(
  TIPM_ID 
)
ENABLE;

COMMENT ON TABLE MODRED.DPB1_GRUPO_PERMIS_PACIE_DOADOR IS 'Relação de permissividade para o locus dpb1 entre paciente e doador.';
COMMENT ON COLUMN MODRED.DPB1_GRUPO_PERMIS_PACIE_DOADOR.DGPD_ID IS 'Identificador único da tabela.';
COMMENT ON COLUMN MODRED.DPB1_GRUPO_PERMIS_PACIE_DOADOR.GRPE_ID_PACIENTE_ALELO1 IS 'Identificador do grupo para o paciente no primeiro alelo.';
COMMENT ON COLUMN MODRED.DPB1_GRUPO_PERMIS_PACIE_DOADOR.GRPE_ID_PACIENTE_ALELO2 IS 'Identificador do grupo para o paciente no segundo alelo.';
COMMENT ON COLUMN MODRED.DPB1_GRUPO_PERMIS_PACIE_DOADOR.GRPE_ID_DOADOR_ALELO1 IS 'Identificador do grupo para o doador no primeiro alelo.';
COMMENT ON COLUMN MODRED.DPB1_GRUPO_PERMIS_PACIE_DOADOR.GRPE_ID_DOADOR_ALELO2 IS 'Identificador do grupo para o doador no segundo alelo.';
COMMENT ON COLUMN MODRED.DPB1_GRUPO_PERMIS_PACIE_DOADOR.TIPM_ID IS 'Referência para a tabela tipo_permissividade';


ALTER TABLE MODRED.MATCH
ADD (TIPM_ID_DPB1 NUMBER);


ALTER TABLE MODRED.MATCH
ADD CONSTRAINT FK_MATC_TIPM FOREIGN KEY
(
  TIPM_ID_DPB1 
)
REFERENCES MODRED.TIPO_PERMISSIVIDADE
(
  TIPM_ID 
)
ENABLE;


ALTER TABLE MODRED.MATCH_PRELIMINAR
ADD (TIPM_ID_DPB1 NUMBER);


ALTER TABLE MODRED.MATCH_PRELIMINAR
ADD CONSTRAINT FK_MAPR_TIPM FOREIGN KEY
(
  TIPM_ID_DPB1 
)
REFERENCES MODRED.TIPO_PERMISSIVIDADE
(
  TIPM_ID 
)
ENABLE;


INSERT INTO MODRED.TIPO_PERMISSIVIDADE(TIPM_ID,TIPM_TX_DESCRICAO) VALUES (3,'Não Permissivo HvG');
INSERT INTO MODRED.TIPO_PERMISSIVIDADE(TIPM_ID,TIPM_TX_DESCRICAO) VALUES (2,'Não Permissivo GvH');
INSERT INTO MODRED.TIPO_PERMISSIVIDADE(TIPM_ID,TIPM_TX_DESCRICAO) VALUES (1,'Permissivo');
INSERT INTO MODRED.TIPO_PERMISSIVIDADE(TIPM_ID,TIPM_TX_DESCRICAO) VALUES (4,'Match em DPB1');
INSERT INTO MODRED.TIPO_PERMISSIVIDADE(TIPM_ID,TIPM_TX_DESCRICAO) VALUES (5,'Sem identificação');
COMMIT;
INSERT INTO MODRED.GRUPO_PERMISSIVIDADE(GRPE_ID) VALUES (0);
INSERT INTO MODRED.GRUPO_PERMISSIVIDADE(GRPE_ID) VALUES (1);
INSERT INTO MODRED.GRUPO_PERMISSIVIDADE(GRPE_ID) VALUES (2);
INSERT INTO MODRED.GRUPO_PERMISSIVIDADE(GRPE_ID) VALUES (3);
COMMIT;

INSERT INTO MODRED.DPB1_GRUPO_PERMISSIVIDADE (DPGP_ID,GRPE_ID,DPGP_TX_VALOR_ALELO) VALUES (SQ_DPGP_ID.NEXTVAL,1,'09:01');
INSERT INTO MODRED.DPB1_GRUPO_PERMISSIVIDADE (DPGP_ID,GRPE_ID,DPGP_TX_VALOR_ALELO) VALUES (SQ_DPGP_ID.NEXTVAL,1,'10:01');
INSERT INTO MODRED.DPB1_GRUPO_PERMISSIVIDADE (DPGP_ID,GRPE_ID,DPGP_TX_VALOR_ALELO) VALUES (SQ_DPGP_ID.NEXTVAL,1,'17:01');
INSERT INTO MODRED.DPB1_GRUPO_PERMISSIVIDADE (DPGP_ID,GRPE_ID,DPGP_TX_VALOR_ALELO) VALUES (SQ_DPGP_ID.NEXTVAL,1,'30:01');
INSERT INTO MODRED.DPB1_GRUPO_PERMISSIVIDADE (DPGP_ID,GRPE_ID,DPGP_TX_VALOR_ALELO) VALUES (SQ_DPGP_ID.NEXTVAL,1,'54:01');
INSERT INTO MODRED.DPB1_GRUPO_PERMISSIVIDADE (DPGP_ID,GRPE_ID,DPGP_TX_VALOR_ALELO) VALUES (SQ_DPGP_ID.NEXTVAL,1,'131:01');
INSERT INTO MODRED.DPB1_GRUPO_PERMISSIVIDADE (DPGP_ID,GRPE_ID,DPGP_TX_VALOR_ALELO) VALUES (SQ_DPGP_ID.NEXTVAL,1,'137:01');
INSERT INTO MODRED.DPB1_GRUPO_PERMISSIVIDADE (DPGP_ID,GRPE_ID,DPGP_TX_VALOR_ALELO) VALUES (SQ_DPGP_ID.NEXTVAL,1,'156:01');
INSERT INTO MODRED.DPB1_GRUPO_PERMISSIVIDADE (DPGP_ID,GRPE_ID,DPGP_TX_VALOR_ALELO) VALUES (SQ_DPGP_ID.NEXTVAL,1,'157:01');
INSERT INTO MODRED.DPB1_GRUPO_PERMISSIVIDADE (DPGP_ID,GRPE_ID,DPGP_TX_VALOR_ALELO) VALUES (SQ_DPGP_ID.NEXTVAL,1,'167:01');
INSERT INTO MODRED.DPB1_GRUPO_PERMISSIVIDADE (DPGP_ID,GRPE_ID,DPGP_TX_VALOR_ALELO) VALUES (SQ_DPGP_ID.NEXTVAL,1,'168:01');
INSERT INTO MODRED.DPB1_GRUPO_PERMISSIVIDADE (DPGP_ID,GRPE_ID,DPGP_TX_VALOR_ALELO) VALUES (SQ_DPGP_ID.NEXTVAL,1,'241:01');
INSERT INTO MODRED.DPB1_GRUPO_PERMISSIVIDADE (DPGP_ID,GRPE_ID,DPGP_TX_VALOR_ALELO) VALUES (SQ_DPGP_ID.NEXTVAL,1,'245:01');
INSERT INTO MODRED.DPB1_GRUPO_PERMISSIVIDADE (DPGP_ID,GRPE_ID,DPGP_TX_VALOR_ALELO) VALUES (SQ_DPGP_ID.NEXTVAL,1,'251:01');
INSERT INTO MODRED.DPB1_GRUPO_PERMISSIVIDADE (DPGP_ID,GRPE_ID,DPGP_TX_VALOR_ALELO) VALUES (SQ_DPGP_ID.NEXTVAL,1,'265:01');
INSERT INTO MODRED.DPB1_GRUPO_PERMISSIVIDADE (DPGP_ID,GRPE_ID,DPGP_TX_VALOR_ALELO) VALUES (SQ_DPGP_ID.NEXTVAL,1,'266:01');
INSERT INTO MODRED.DPB1_GRUPO_PERMISSIVIDADE (DPGP_ID,GRPE_ID,DPGP_TX_VALOR_ALELO) VALUES (SQ_DPGP_ID.NEXTVAL,1,'288:01');
INSERT INTO MODRED.DPB1_GRUPO_PERMISSIVIDADE (DPGP_ID,GRPE_ID,DPGP_TX_VALOR_ALELO) VALUES (SQ_DPGP_ID.NEXTVAL,1,'289:01');
INSERT INTO MODRED.DPB1_GRUPO_PERMISSIVIDADE (DPGP_ID,GRPE_ID,DPGP_TX_VALOR_ALELO) VALUES (SQ_DPGP_ID.NEXTVAL,1,'313:01');
INSERT INTO MODRED.DPB1_GRUPO_PERMISSIVIDADE (DPGP_ID,GRPE_ID,DPGP_TX_VALOR_ALELO) VALUES (SQ_DPGP_ID.NEXTVAL,1,'314:01');
INSERT INTO MODRED.DPB1_GRUPO_PERMISSIVIDADE (DPGP_ID,GRPE_ID,DPGP_TX_VALOR_ALELO) VALUES (SQ_DPGP_ID.NEXTVAL,1,'324:01');
INSERT INTO MODRED.DPB1_GRUPO_PERMISSIVIDADE (DPGP_ID,GRPE_ID,DPGP_TX_VALOR_ALELO) VALUES (SQ_DPGP_ID.NEXTVAL,1,'343:01');
INSERT INTO MODRED.DPB1_GRUPO_PERMISSIVIDADE (DPGP_ID,GRPE_ID,DPGP_TX_VALOR_ALELO) VALUES (SQ_DPGP_ID.NEXTVAL,1,'361:01');
INSERT INTO MODRED.DPB1_GRUPO_PERMISSIVIDADE (DPGP_ID,GRPE_ID,DPGP_TX_VALOR_ALELO) VALUES (SQ_DPGP_ID.NEXTVAL,1,'384:01');
INSERT INTO MODRED.DPB1_GRUPO_PERMISSIVIDADE (DPGP_ID,GRPE_ID,DPGP_TX_VALOR_ALELO) VALUES (SQ_DPGP_ID.NEXTVAL,1,'386:01');
INSERT INTO MODRED.DPB1_GRUPO_PERMISSIVIDADE (DPGP_ID,GRPE_ID,DPGP_TX_VALOR_ALELO) VALUES (SQ_DPGP_ID.NEXTVAL,2,'03:01');
INSERT INTO MODRED.DPB1_GRUPO_PERMISSIVIDADE (DPGP_ID,GRPE_ID,DPGP_TX_VALOR_ALELO) VALUES (SQ_DPGP_ID.NEXTVAL,2,'14:01');
INSERT INTO MODRED.DPB1_GRUPO_PERMISSIVIDADE (DPGP_ID,GRPE_ID,DPGP_TX_VALOR_ALELO) VALUES (SQ_DPGP_ID.NEXTVAL,2,'21:01');
INSERT INTO MODRED.DPB1_GRUPO_PERMISSIVIDADE (DPGP_ID,GRPE_ID,DPGP_TX_VALOR_ALELO) VALUES (SQ_DPGP_ID.NEXTVAL,2,'25:01');
INSERT INTO MODRED.DPB1_GRUPO_PERMISSIVIDADE (DPGP_ID,GRPE_ID,DPGP_TX_VALOR_ALELO) VALUES (SQ_DPGP_ID.NEXTVAL,2,'29:01');
INSERT INTO MODRED.DPB1_GRUPO_PERMISSIVIDADE (DPGP_ID,GRPE_ID,DPGP_TX_VALOR_ALELO) VALUES (SQ_DPGP_ID.NEXTVAL,2,'35:01');
INSERT INTO MODRED.DPB1_GRUPO_PERMISSIVIDADE (DPGP_ID,GRPE_ID,DPGP_TX_VALOR_ALELO) VALUES (SQ_DPGP_ID.NEXTVAL,2,'37:01');
INSERT INTO MODRED.DPB1_GRUPO_PERMISSIVIDADE (DPGP_ID,GRPE_ID,DPGP_TX_VALOR_ALELO) VALUES (SQ_DPGP_ID.NEXTVAL,2,'44:01');
INSERT INTO MODRED.DPB1_GRUPO_PERMISSIVIDADE (DPGP_ID,GRPE_ID,DPGP_TX_VALOR_ALELO) VALUES (SQ_DPGP_ID.NEXTVAL,2,'45:01');
INSERT INTO MODRED.DPB1_GRUPO_PERMISSIVIDADE (DPGP_ID,GRPE_ID,DPGP_TX_VALOR_ALELO) VALUES (SQ_DPGP_ID.NEXTVAL,2,'55:01');
INSERT INTO MODRED.DPB1_GRUPO_PERMISSIVIDADE (DPGP_ID,GRPE_ID,DPGP_TX_VALOR_ALELO) VALUES (SQ_DPGP_ID.NEXTVAL,2,'58:01');
INSERT INTO MODRED.DPB1_GRUPO_PERMISSIVIDADE (DPGP_ID,GRPE_ID,DPGP_TX_VALOR_ALELO) VALUES (SQ_DPGP_ID.NEXTVAL,2,'67:01');
INSERT INTO MODRED.DPB1_GRUPO_PERMISSIVIDADE (DPGP_ID,GRPE_ID,DPGP_TX_VALOR_ALELO) VALUES (SQ_DPGP_ID.NEXTVAL,2,'69:01');
INSERT INTO MODRED.DPB1_GRUPO_PERMISSIVIDADE (DPGP_ID,GRPE_ID,DPGP_TX_VALOR_ALELO) VALUES (SQ_DPGP_ID.NEXTVAL,2,'70:01');
INSERT INTO MODRED.DPB1_GRUPO_PERMISSIVIDADE (DPGP_ID,GRPE_ID,DPGP_TX_VALOR_ALELO) VALUES (SQ_DPGP_ID.NEXTVAL,2,'76:01');
INSERT INTO MODRED.DPB1_GRUPO_PERMISSIVIDADE (DPGP_ID,GRPE_ID,DPGP_TX_VALOR_ALELO) VALUES (SQ_DPGP_ID.NEXTVAL,2,'78:01');
INSERT INTO MODRED.DPB1_GRUPO_PERMISSIVIDADE (DPGP_ID,GRPE_ID,DPGP_TX_VALOR_ALELO) VALUES (SQ_DPGP_ID.NEXTVAL,2,'79:01');
INSERT INTO MODRED.DPB1_GRUPO_PERMISSIVIDADE (DPGP_ID,GRPE_ID,DPGP_TX_VALOR_ALELO) VALUES (SQ_DPGP_ID.NEXTVAL,2,'86:01');
INSERT INTO MODRED.DPB1_GRUPO_PERMISSIVIDADE (DPGP_ID,GRPE_ID,DPGP_TX_VALOR_ALELO) VALUES (SQ_DPGP_ID.NEXTVAL,2,'88:01');
INSERT INTO MODRED.DPB1_GRUPO_PERMISSIVIDADE (DPGP_ID,GRPE_ID,DPGP_TX_VALOR_ALELO) VALUES (SQ_DPGP_ID.NEXTVAL,2,'91:01');
INSERT INTO MODRED.DPB1_GRUPO_PERMISSIVIDADE (DPGP_ID,GRPE_ID,DPGP_TX_VALOR_ALELO) VALUES (SQ_DPGP_ID.NEXTVAL,2,'92:01');
INSERT INTO MODRED.DPB1_GRUPO_PERMISSIVIDADE (DPGP_ID,GRPE_ID,DPGP_TX_VALOR_ALELO) VALUES (SQ_DPGP_ID.NEXTVAL,2,'93:01');
INSERT INTO MODRED.DPB1_GRUPO_PERMISSIVIDADE (DPGP_ID,GRPE_ID,DPGP_TX_VALOR_ALELO) VALUES (SQ_DPGP_ID.NEXTVAL,2,'98:01');
INSERT INTO MODRED.DPB1_GRUPO_PERMISSIVIDADE (DPGP_ID,GRPE_ID,DPGP_TX_VALOR_ALELO) VALUES (SQ_DPGP_ID.NEXTVAL,2,'104:01');
INSERT INTO MODRED.DPB1_GRUPO_PERMISSIVIDADE (DPGP_ID,GRPE_ID,DPGP_TX_VALOR_ALELO) VALUES (SQ_DPGP_ID.NEXTVAL,2,'110:01');
INSERT INTO MODRED.DPB1_GRUPO_PERMISSIVIDADE (DPGP_ID,GRPE_ID,DPGP_TX_VALOR_ALELO) VALUES (SQ_DPGP_ID.NEXTVAL,2,'111:01');
INSERT INTO MODRED.DPB1_GRUPO_PERMISSIVIDADE (DPGP_ID,GRPE_ID,DPGP_TX_VALOR_ALELO) VALUES (SQ_DPGP_ID.NEXTVAL,2,'113:01');
INSERT INTO MODRED.DPB1_GRUPO_PERMISSIVIDADE (DPGP_ID,GRPE_ID,DPGP_TX_VALOR_ALELO) VALUES (SQ_DPGP_ID.NEXTVAL,2,'114:01');
INSERT INTO MODRED.DPB1_GRUPO_PERMISSIVIDADE (DPGP_ID,GRPE_ID,DPGP_TX_VALOR_ALELO) VALUES (SQ_DPGP_ID.NEXTVAL,2,'119:01');
INSERT INTO MODRED.DPB1_GRUPO_PERMISSIVIDADE (DPGP_ID,GRPE_ID,DPGP_TX_VALOR_ALELO) VALUES (SQ_DPGP_ID.NEXTVAL,2,'124:01');
INSERT INTO MODRED.DPB1_GRUPO_PERMISSIVIDADE (DPGP_ID,GRPE_ID,DPGP_TX_VALOR_ALELO) VALUES (SQ_DPGP_ID.NEXTVAL,2,'125:01');
INSERT INTO MODRED.DPB1_GRUPO_PERMISSIVIDADE (DPGP_ID,GRPE_ID,DPGP_TX_VALOR_ALELO) VALUES (SQ_DPGP_ID.NEXTVAL,2,'132:01');
INSERT INTO MODRED.DPB1_GRUPO_PERMISSIVIDADE (DPGP_ID,GRPE_ID,DPGP_TX_VALOR_ALELO) VALUES (SQ_DPGP_ID.NEXTVAL,2,'136:01');
INSERT INTO MODRED.DPB1_GRUPO_PERMISSIVIDADE (DPGP_ID,GRPE_ID,DPGP_TX_VALOR_ALELO) VALUES (SQ_DPGP_ID.NEXTVAL,2,'166:01');
INSERT INTO MODRED.DPB1_GRUPO_PERMISSIVIDADE (DPGP_ID,GRPE_ID,DPGP_TX_VALOR_ALELO) VALUES (SQ_DPGP_ID.NEXTVAL,2,'197:01');
INSERT INTO MODRED.DPB1_GRUPO_PERMISSIVIDADE (DPGP_ID,GRPE_ID,DPGP_TX_VALOR_ALELO) VALUES (SQ_DPGP_ID.NEXTVAL,2,'207:01');
INSERT INTO MODRED.DPB1_GRUPO_PERMISSIVIDADE (DPGP_ID,GRPE_ID,DPGP_TX_VALOR_ALELO) VALUES (SQ_DPGP_ID.NEXTVAL,2,'208:01');
INSERT INTO MODRED.DPB1_GRUPO_PERMISSIVIDADE (DPGP_ID,GRPE_ID,DPGP_TX_VALOR_ALELO) VALUES (SQ_DPGP_ID.NEXTVAL,2,'221:01');
INSERT INTO MODRED.DPB1_GRUPO_PERMISSIVIDADE (DPGP_ID,GRPE_ID,DPGP_TX_VALOR_ALELO) VALUES (SQ_DPGP_ID.NEXTVAL,2,'222:01');
INSERT INTO MODRED.DPB1_GRUPO_PERMISSIVIDADE (DPGP_ID,GRPE_ID,DPGP_TX_VALOR_ALELO) VALUES (SQ_DPGP_ID.NEXTVAL,2,'234:01');
INSERT INTO MODRED.DPB1_GRUPO_PERMISSIVIDADE (DPGP_ID,GRPE_ID,DPGP_TX_VALOR_ALELO) VALUES (SQ_DPGP_ID.NEXTVAL,2,'242:01');
INSERT INTO MODRED.DPB1_GRUPO_PERMISSIVIDADE (DPGP_ID,GRPE_ID,DPGP_TX_VALOR_ALELO) VALUES (SQ_DPGP_ID.NEXTVAL,2,'243:01');
INSERT INTO MODRED.DPB1_GRUPO_PERMISSIVIDADE (DPGP_ID,GRPE_ID,DPGP_TX_VALOR_ALELO) VALUES (SQ_DPGP_ID.NEXTVAL,2,'249:01');
INSERT INTO MODRED.DPB1_GRUPO_PERMISSIVIDADE (DPGP_ID,GRPE_ID,DPGP_TX_VALOR_ALELO) VALUES (SQ_DPGP_ID.NEXTVAL,2,'264:01');
INSERT INTO MODRED.DPB1_GRUPO_PERMISSIVIDADE (DPGP_ID,GRPE_ID,DPGP_TX_VALOR_ALELO) VALUES (SQ_DPGP_ID.NEXTVAL,2,'269:01');
INSERT INTO MODRED.DPB1_GRUPO_PERMISSIVIDADE (DPGP_ID,GRPE_ID,DPGP_TX_VALOR_ALELO) VALUES (SQ_DPGP_ID.NEXTVAL,2,'270:01');
INSERT INTO MODRED.DPB1_GRUPO_PERMISSIVIDADE (DPGP_ID,GRPE_ID,DPGP_TX_VALOR_ALELO) VALUES (SQ_DPGP_ID.NEXTVAL,2,'287:01');
INSERT INTO MODRED.DPB1_GRUPO_PERMISSIVIDADE (DPGP_ID,GRPE_ID,DPGP_TX_VALOR_ALELO) VALUES (SQ_DPGP_ID.NEXTVAL,2,'293:01');
INSERT INTO MODRED.DPB1_GRUPO_PERMISSIVIDADE (DPGP_ID,GRPE_ID,DPGP_TX_VALOR_ALELO) VALUES (SQ_DPGP_ID.NEXTVAL,2,'295:01');
INSERT INTO MODRED.DPB1_GRUPO_PERMISSIVIDADE (DPGP_ID,GRPE_ID,DPGP_TX_VALOR_ALELO) VALUES (SQ_DPGP_ID.NEXTVAL,2,'311:01');
INSERT INTO MODRED.DPB1_GRUPO_PERMISSIVIDADE (DPGP_ID,GRPE_ID,DPGP_TX_VALOR_ALELO) VALUES (SQ_DPGP_ID.NEXTVAL,2,'312:01');
INSERT INTO MODRED.DPB1_GRUPO_PERMISSIVIDADE (DPGP_ID,GRPE_ID,DPGP_TX_VALOR_ALELO) VALUES (SQ_DPGP_ID.NEXTVAL,2,'325:01');
INSERT INTO MODRED.DPB1_GRUPO_PERMISSIVIDADE (DPGP_ID,GRPE_ID,DPGP_TX_VALOR_ALELO) VALUES (SQ_DPGP_ID.NEXTVAL,2,'329:01');
INSERT INTO MODRED.DPB1_GRUPO_PERMISSIVIDADE (DPGP_ID,GRPE_ID,DPGP_TX_VALOR_ALELO) VALUES (SQ_DPGP_ID.NEXTVAL,2,'344:01');
INSERT INTO MODRED.DPB1_GRUPO_PERMISSIVIDADE (DPGP_ID,GRPE_ID,DPGP_TX_VALOR_ALELO) VALUES (SQ_DPGP_ID.NEXTVAL,2,'349:01');
INSERT INTO MODRED.DPB1_GRUPO_PERMISSIVIDADE (DPGP_ID,GRPE_ID,DPGP_TX_VALOR_ALELO) VALUES (SQ_DPGP_ID.NEXTVAL,2,'351:01');
INSERT INTO MODRED.DPB1_GRUPO_PERMISSIVIDADE (DPGP_ID,GRPE_ID,DPGP_TX_VALOR_ALELO) VALUES (SQ_DPGP_ID.NEXTVAL,2,'358:01');
INSERT INTO MODRED.DPB1_GRUPO_PERMISSIVIDADE (DPGP_ID,GRPE_ID,DPGP_TX_VALOR_ALELO) VALUES (SQ_DPGP_ID.NEXTVAL,2,'371:01');
INSERT INTO MODRED.DPB1_GRUPO_PERMISSIVIDADE (DPGP_ID,GRPE_ID,DPGP_TX_VALOR_ALELO) VALUES (SQ_DPGP_ID.NEXTVAL,2,'383:01');
INSERT INTO MODRED.DPB1_GRUPO_PERMISSIVIDADE (DPGP_ID,GRPE_ID,DPGP_TX_VALOR_ALELO) VALUES (SQ_DPGP_ID.NEXTVAL,2,'385:01');
INSERT INTO MODRED.DPB1_GRUPO_PERMISSIVIDADE (DPGP_ID,GRPE_ID,DPGP_TX_VALOR_ALELO) VALUES (SQ_DPGP_ID.NEXTVAL,2,'390:01');
INSERT INTO MODRED.DPB1_GRUPO_PERMISSIVIDADE (DPGP_ID,GRPE_ID,DPGP_TX_VALOR_ALELO) VALUES (SQ_DPGP_ID.NEXTVAL,2,'391:01');
INSERT INTO MODRED.DPB1_GRUPO_PERMISSIVIDADE (DPGP_ID,GRPE_ID,DPGP_TX_VALOR_ALELO) VALUES (SQ_DPGP_ID.NEXTVAL,2,'394:01');
INSERT INTO MODRED.DPB1_GRUPO_PERMISSIVIDADE (DPGP_ID,GRPE_ID,DPGP_TX_VALOR_ALELO) VALUES (SQ_DPGP_ID.NEXTVAL,2,'400:01');
INSERT INTO MODRED.DPB1_GRUPO_PERMISSIVIDADE (DPGP_ID,GRPE_ID,DPGP_TX_VALOR_ALELO) VALUES (SQ_DPGP_ID.NEXTVAL,2,'404:01');
INSERT INTO MODRED.DPB1_GRUPO_PERMISSIVIDADE (DPGP_ID,GRPE_ID,DPGP_TX_VALOR_ALELO) VALUES (SQ_DPGP_ID.NEXTVAL,2,'405:01');
INSERT INTO MODRED.DPB1_GRUPO_PERMISSIVIDADE (DPGP_ID,GRPE_ID,DPGP_TX_VALOR_ALELO) VALUES (SQ_DPGP_ID.NEXTVAL,3,'107:01');
INSERT INTO MODRED.DPB1_GRUPO_PERMISSIVIDADE (DPGP_ID,GRPE_ID,DPGP_TX_VALOR_ALELO) VALUES (SQ_DPGP_ID.NEXTVAL,3,'108:01');
INSERT INTO MODRED.DPB1_GRUPO_PERMISSIVIDADE (DPGP_ID,GRPE_ID,DPGP_TX_VALOR_ALELO) VALUES (SQ_DPGP_ID.NEXTVAL,3,'109:01');
INSERT INTO MODRED.DPB1_GRUPO_PERMISSIVIDADE (DPGP_ID,GRPE_ID,DPGP_TX_VALOR_ALELO) VALUES (SQ_DPGP_ID.NEXTVAL,3,'112:01');
INSERT INTO MODRED.DPB1_GRUPO_PERMISSIVIDADE (DPGP_ID,GRPE_ID,DPGP_TX_VALOR_ALELO) VALUES (SQ_DPGP_ID.NEXTVAL,3,'115:01');
INSERT INTO MODRED.DPB1_GRUPO_PERMISSIVIDADE (DPGP_ID,GRPE_ID,DPGP_TX_VALOR_ALELO) VALUES (SQ_DPGP_ID.NEXTVAL,3,'116:01');
INSERT INTO MODRED.DPB1_GRUPO_PERMISSIVIDADE (DPGP_ID,GRPE_ID,DPGP_TX_VALOR_ALELO) VALUES (SQ_DPGP_ID.NEXTVAL,3,'117:01');
INSERT INTO MODRED.DPB1_GRUPO_PERMISSIVIDADE (DPGP_ID,GRPE_ID,DPGP_TX_VALOR_ALELO) VALUES (SQ_DPGP_ID.NEXTVAL,3,'118:01');
INSERT INTO MODRED.DPB1_GRUPO_PERMISSIVIDADE (DPGP_ID,GRPE_ID,DPGP_TX_VALOR_ALELO) VALUES (SQ_DPGP_ID.NEXTVAL,3,'121:01');
INSERT INTO MODRED.DPB1_GRUPO_PERMISSIVIDADE (DPGP_ID,GRPE_ID,DPGP_TX_VALOR_ALELO) VALUES (SQ_DPGP_ID.NEXTVAL,3,'122:01');
INSERT INTO MODRED.DPB1_GRUPO_PERMISSIVIDADE (DPGP_ID,GRPE_ID,DPGP_TX_VALOR_ALELO) VALUES (SQ_DPGP_ID.NEXTVAL,3,'123:01');
INSERT INTO MODRED.DPB1_GRUPO_PERMISSIVIDADE (DPGP_ID,GRPE_ID,DPGP_TX_VALOR_ALELO) VALUES (SQ_DPGP_ID.NEXTVAL,3,'126:01');
INSERT INTO MODRED.DPB1_GRUPO_PERMISSIVIDADE (DPGP_ID,GRPE_ID,DPGP_TX_VALOR_ALELO) VALUES (SQ_DPGP_ID.NEXTVAL,3,'127:01');
INSERT INTO MODRED.DPB1_GRUPO_PERMISSIVIDADE (DPGP_ID,GRPE_ID,DPGP_TX_VALOR_ALELO) VALUES (SQ_DPGP_ID.NEXTVAL,3,'128:01');
INSERT INTO MODRED.DPB1_GRUPO_PERMISSIVIDADE (DPGP_ID,GRPE_ID,DPGP_TX_VALOR_ALELO) VALUES (SQ_DPGP_ID.NEXTVAL,3,'129:01');
INSERT INTO MODRED.DPB1_GRUPO_PERMISSIVIDADE (DPGP_ID,GRPE_ID,DPGP_TX_VALOR_ALELO) VALUES (SQ_DPGP_ID.NEXTVAL,3,'130:01');
INSERT INTO MODRED.DPB1_GRUPO_PERMISSIVIDADE (DPGP_ID,GRPE_ID,DPGP_TX_VALOR_ALELO) VALUES (SQ_DPGP_ID.NEXTVAL,3,'133:01');
INSERT INTO MODRED.DPB1_GRUPO_PERMISSIVIDADE (DPGP_ID,GRPE_ID,DPGP_TX_VALOR_ALELO) VALUES (SQ_DPGP_ID.NEXTVAL,3,'134:01');
INSERT INTO MODRED.DPB1_GRUPO_PERMISSIVIDADE (DPGP_ID,GRPE_ID,DPGP_TX_VALOR_ALELO) VALUES (SQ_DPGP_ID.NEXTVAL,3,'135:01');
INSERT INTO MODRED.DPB1_GRUPO_PERMISSIVIDADE (DPGP_ID,GRPE_ID,DPGP_TX_VALOR_ALELO) VALUES (SQ_DPGP_ID.NEXTVAL,3,'138:01');
INSERT INTO MODRED.DPB1_GRUPO_PERMISSIVIDADE (DPGP_ID,GRPE_ID,DPGP_TX_VALOR_ALELO) VALUES (SQ_DPGP_ID.NEXTVAL,3,'139:01');
INSERT INTO MODRED.DPB1_GRUPO_PERMISSIVIDADE (DPGP_ID,GRPE_ID,DPGP_TX_VALOR_ALELO) VALUES (SQ_DPGP_ID.NEXTVAL,3,'140:01');
INSERT INTO MODRED.DPB1_GRUPO_PERMISSIVIDADE (DPGP_ID,GRPE_ID,DPGP_TX_VALOR_ALELO) VALUES (SQ_DPGP_ID.NEXTVAL,3,'141:01');
INSERT INTO MODRED.DPB1_GRUPO_PERMISSIVIDADE (DPGP_ID,GRPE_ID,DPGP_TX_VALOR_ALELO) VALUES (SQ_DPGP_ID.NEXTVAL,3,'142:01');
INSERT INTO MODRED.DPB1_GRUPO_PERMISSIVIDADE (DPGP_ID,GRPE_ID,DPGP_TX_VALOR_ALELO) VALUES (SQ_DPGP_ID.NEXTVAL,3,'143:01');
INSERT INTO MODRED.DPB1_GRUPO_PERMISSIVIDADE (DPGP_ID,GRPE_ID,DPGP_TX_VALOR_ALELO) VALUES (SQ_DPGP_ID.NEXTVAL,3,'144:01');
INSERT INTO MODRED.DPB1_GRUPO_PERMISSIVIDADE (DPGP_ID,GRPE_ID,DPGP_TX_VALOR_ALELO) VALUES (SQ_DPGP_ID.NEXTVAL,3,'145:01');
INSERT INTO MODRED.DPB1_GRUPO_PERMISSIVIDADE (DPGP_ID,GRPE_ID,DPGP_TX_VALOR_ALELO) VALUES (SQ_DPGP_ID.NEXTVAL,3,'146:01');
INSERT INTO MODRED.DPB1_GRUPO_PERMISSIVIDADE (DPGP_ID,GRPE_ID,DPGP_TX_VALOR_ALELO) VALUES (SQ_DPGP_ID.NEXTVAL,3,'147:01');
INSERT INTO MODRED.DPB1_GRUPO_PERMISSIVIDADE (DPGP_ID,GRPE_ID,DPGP_TX_VALOR_ALELO) VALUES (SQ_DPGP_ID.NEXTVAL,3,'148:01');
INSERT INTO MODRED.DPB1_GRUPO_PERMISSIVIDADE (DPGP_ID,GRPE_ID,DPGP_TX_VALOR_ALELO) VALUES (SQ_DPGP_ID.NEXTVAL,3,'149:01');
INSERT INTO MODRED.DPB1_GRUPO_PERMISSIVIDADE (DPGP_ID,GRPE_ID,DPGP_TX_VALOR_ALELO) VALUES (SQ_DPGP_ID.NEXTVAL,3,'150:01');
INSERT INTO MODRED.DPB1_GRUPO_PERMISSIVIDADE (DPGP_ID,GRPE_ID,DPGP_TX_VALOR_ALELO) VALUES (SQ_DPGP_ID.NEXTVAL,3,'151:01');
INSERT INTO MODRED.DPB1_GRUPO_PERMISSIVIDADE (DPGP_ID,GRPE_ID,DPGP_TX_VALOR_ALELO) VALUES (SQ_DPGP_ID.NEXTVAL,3,'152:01');
INSERT INTO MODRED.DPB1_GRUPO_PERMISSIVIDADE (DPGP_ID,GRPE_ID,DPGP_TX_VALOR_ALELO) VALUES (SQ_DPGP_ID.NEXTVAL,3,'153:01');
INSERT INTO MODRED.DPB1_GRUPO_PERMISSIVIDADE (DPGP_ID,GRPE_ID,DPGP_TX_VALOR_ALELO) VALUES (SQ_DPGP_ID.NEXTVAL,3,'155:01');
INSERT INTO MODRED.DPB1_GRUPO_PERMISSIVIDADE (DPGP_ID,GRPE_ID,DPGP_TX_VALOR_ALELO) VALUES (SQ_DPGP_ID.NEXTVAL,3,'158:01');
INSERT INTO MODRED.DPB1_GRUPO_PERMISSIVIDADE (DPGP_ID,GRPE_ID,DPGP_TX_VALOR_ALELO) VALUES (SQ_DPGP_ID.NEXTVAL,3,'160:01');
INSERT INTO MODRED.DPB1_GRUPO_PERMISSIVIDADE (DPGP_ID,GRPE_ID,DPGP_TX_VALOR_ALELO) VALUES (SQ_DPGP_ID.NEXTVAL,3,'162:01');
INSERT INTO MODRED.DPB1_GRUPO_PERMISSIVIDADE (DPGP_ID,GRPE_ID,DPGP_TX_VALOR_ALELO) VALUES (SQ_DPGP_ID.NEXTVAL,3,'163:01');
INSERT INTO MODRED.DPB1_GRUPO_PERMISSIVIDADE (DPGP_ID,GRPE_ID,DPGP_TX_VALOR_ALELO) VALUES (SQ_DPGP_ID.NEXTVAL,3,'164:01');
INSERT INTO MODRED.DPB1_GRUPO_PERMISSIVIDADE (DPGP_ID,GRPE_ID,DPGP_TX_VALOR_ALELO) VALUES (SQ_DPGP_ID.NEXTVAL,3,'165:01');
INSERT INTO MODRED.DPB1_GRUPO_PERMISSIVIDADE (DPGP_ID,GRPE_ID,DPGP_TX_VALOR_ALELO) VALUES (SQ_DPGP_ID.NEXTVAL,3,'169:01');
INSERT INTO MODRED.DPB1_GRUPO_PERMISSIVIDADE (DPGP_ID,GRPE_ID,DPGP_TX_VALOR_ALELO) VALUES (SQ_DPGP_ID.NEXTVAL,3,'170:01');
INSERT INTO MODRED.DPB1_GRUPO_PERMISSIVIDADE (DPGP_ID,GRPE_ID,DPGP_TX_VALOR_ALELO) VALUES (SQ_DPGP_ID.NEXTVAL,3,'171:01');
INSERT INTO MODRED.DPB1_GRUPO_PERMISSIVIDADE (DPGP_ID,GRPE_ID,DPGP_TX_VALOR_ALELO) VALUES (SQ_DPGP_ID.NEXTVAL,3,'172:01');
INSERT INTO MODRED.DPB1_GRUPO_PERMISSIVIDADE (DPGP_ID,GRPE_ID,DPGP_TX_VALOR_ALELO) VALUES (SQ_DPGP_ID.NEXTVAL,3,'173:01');
INSERT INTO MODRED.DPB1_GRUPO_PERMISSIVIDADE (DPGP_ID,GRPE_ID,DPGP_TX_VALOR_ALELO) VALUES (SQ_DPGP_ID.NEXTVAL,3,'174:01');
INSERT INTO MODRED.DPB1_GRUPO_PERMISSIVIDADE (DPGP_ID,GRPE_ID,DPGP_TX_VALOR_ALELO) VALUES (SQ_DPGP_ID.NEXTVAL,3,'175:01');
INSERT INTO MODRED.DPB1_GRUPO_PERMISSIVIDADE (DPGP_ID,GRPE_ID,DPGP_TX_VALOR_ALELO) VALUES (SQ_DPGP_ID.NEXTVAL,3,'176:01');
INSERT INTO MODRED.DPB1_GRUPO_PERMISSIVIDADE (DPGP_ID,GRPE_ID,DPGP_TX_VALOR_ALELO) VALUES (SQ_DPGP_ID.NEXTVAL,3,'177:01');
INSERT INTO MODRED.DPB1_GRUPO_PERMISSIVIDADE (DPGP_ID,GRPE_ID,DPGP_TX_VALOR_ALELO) VALUES (SQ_DPGP_ID.NEXTVAL,3,'178:01');
INSERT INTO MODRED.DPB1_GRUPO_PERMISSIVIDADE (DPGP_ID,GRPE_ID,DPGP_TX_VALOR_ALELO) VALUES (SQ_DPGP_ID.NEXTVAL,3,'179:01');
INSERT INTO MODRED.DPB1_GRUPO_PERMISSIVIDADE (DPGP_ID,GRPE_ID,DPGP_TX_VALOR_ALELO) VALUES (SQ_DPGP_ID.NEXTVAL,3,'180:01');
INSERT INTO MODRED.DPB1_GRUPO_PERMISSIVIDADE (DPGP_ID,GRPE_ID,DPGP_TX_VALOR_ALELO) VALUES (SQ_DPGP_ID.NEXTVAL,3,'181:01');
INSERT INTO MODRED.DPB1_GRUPO_PERMISSIVIDADE (DPGP_ID,GRPE_ID,DPGP_TX_VALOR_ALELO) VALUES (SQ_DPGP_ID.NEXTVAL,3,'182:01');
INSERT INTO MODRED.DPB1_GRUPO_PERMISSIVIDADE (DPGP_ID,GRPE_ID,DPGP_TX_VALOR_ALELO) VALUES (SQ_DPGP_ID.NEXTVAL,3,'183:01');
INSERT INTO MODRED.DPB1_GRUPO_PERMISSIVIDADE (DPGP_ID,GRPE_ID,DPGP_TX_VALOR_ALELO) VALUES (SQ_DPGP_ID.NEXTVAL,3,'184:01');
INSERT INTO MODRED.DPB1_GRUPO_PERMISSIVIDADE (DPGP_ID,GRPE_ID,DPGP_TX_VALOR_ALELO) VALUES (SQ_DPGP_ID.NEXTVAL,3,'185:01');
INSERT INTO MODRED.DPB1_GRUPO_PERMISSIVIDADE (DPGP_ID,GRPE_ID,DPGP_TX_VALOR_ALELO) VALUES (SQ_DPGP_ID.NEXTVAL,3,'186:01');
INSERT INTO MODRED.DPB1_GRUPO_PERMISSIVIDADE (DPGP_ID,GRPE_ID,DPGP_TX_VALOR_ALELO) VALUES (SQ_DPGP_ID.NEXTVAL,3,'187:01');
INSERT INTO MODRED.DPB1_GRUPO_PERMISSIVIDADE (DPGP_ID,GRPE_ID,DPGP_TX_VALOR_ALELO) VALUES (SQ_DPGP_ID.NEXTVAL,3,'188:01');
INSERT INTO MODRED.DPB1_GRUPO_PERMISSIVIDADE (DPGP_ID,GRPE_ID,DPGP_TX_VALOR_ALELO) VALUES (SQ_DPGP_ID.NEXTVAL,3,'189:01');
INSERT INTO MODRED.DPB1_GRUPO_PERMISSIVIDADE (DPGP_ID,GRPE_ID,DPGP_TX_VALOR_ALELO) VALUES (SQ_DPGP_ID.NEXTVAL,3,'190:01');
INSERT INTO MODRED.DPB1_GRUPO_PERMISSIVIDADE (DPGP_ID,GRPE_ID,DPGP_TX_VALOR_ALELO) VALUES (SQ_DPGP_ID.NEXTVAL,3,'191:01');
INSERT INTO MODRED.DPB1_GRUPO_PERMISSIVIDADE (DPGP_ID,GRPE_ID,DPGP_TX_VALOR_ALELO) VALUES (SQ_DPGP_ID.NEXTVAL,3,'192:01');
INSERT INTO MODRED.DPB1_GRUPO_PERMISSIVIDADE (DPGP_ID,GRPE_ID,DPGP_TX_VALOR_ALELO) VALUES (SQ_DPGP_ID.NEXTVAL,3,'193:01');
INSERT INTO MODRED.DPB1_GRUPO_PERMISSIVIDADE (DPGP_ID,GRPE_ID,DPGP_TX_VALOR_ALELO) VALUES (SQ_DPGP_ID.NEXTVAL,3,'194:01');
INSERT INTO MODRED.DPB1_GRUPO_PERMISSIVIDADE (DPGP_ID,GRPE_ID,DPGP_TX_VALOR_ALELO) VALUES (SQ_DPGP_ID.NEXTVAL,3,'195:01');
INSERT INTO MODRED.DPB1_GRUPO_PERMISSIVIDADE (DPGP_ID,GRPE_ID,DPGP_TX_VALOR_ALELO) VALUES (SQ_DPGP_ID.NEXTVAL,3,'196:01');
INSERT INTO MODRED.DPB1_GRUPO_PERMISSIVIDADE (DPGP_ID,GRPE_ID,DPGP_TX_VALOR_ALELO) VALUES (SQ_DPGP_ID.NEXTVAL,3,'198:01');
INSERT INTO MODRED.DPB1_GRUPO_PERMISSIVIDADE (DPGP_ID,GRPE_ID,DPGP_TX_VALOR_ALELO) VALUES (SQ_DPGP_ID.NEXTVAL,3,'199:01');
INSERT INTO MODRED.DPB1_GRUPO_PERMISSIVIDADE (DPGP_ID,GRPE_ID,DPGP_TX_VALOR_ALELO) VALUES (SQ_DPGP_ID.NEXTVAL,3,'200:01');
INSERT INTO MODRED.DPB1_GRUPO_PERMISSIVIDADE (DPGP_ID,GRPE_ID,DPGP_TX_VALOR_ALELO) VALUES (SQ_DPGP_ID.NEXTVAL,3,'201:01');
INSERT INTO MODRED.DPB1_GRUPO_PERMISSIVIDADE (DPGP_ID,GRPE_ID,DPGP_TX_VALOR_ALELO) VALUES (SQ_DPGP_ID.NEXTVAL,3,'202:01');
INSERT INTO MODRED.DPB1_GRUPO_PERMISSIVIDADE (DPGP_ID,GRPE_ID,DPGP_TX_VALOR_ALELO) VALUES (SQ_DPGP_ID.NEXTVAL,3,'203:01');
INSERT INTO MODRED.DPB1_GRUPO_PERMISSIVIDADE (DPGP_ID,GRPE_ID,DPGP_TX_VALOR_ALELO) VALUES (SQ_DPGP_ID.NEXTVAL,3,'204:01');
INSERT INTO MODRED.DPB1_GRUPO_PERMISSIVIDADE (DPGP_ID,GRPE_ID,DPGP_TX_VALOR_ALELO) VALUES (SQ_DPGP_ID.NEXTVAL,3,'205:01');
INSERT INTO MODRED.DPB1_GRUPO_PERMISSIVIDADE (DPGP_ID,GRPE_ID,DPGP_TX_VALOR_ALELO) VALUES (SQ_DPGP_ID.NEXTVAL,3,'206:01');
INSERT INTO MODRED.DPB1_GRUPO_PERMISSIVIDADE (DPGP_ID,GRPE_ID,DPGP_TX_VALOR_ALELO) VALUES (SQ_DPGP_ID.NEXTVAL,3,'209:01');
INSERT INTO MODRED.DPB1_GRUPO_PERMISSIVIDADE (DPGP_ID,GRPE_ID,DPGP_TX_VALOR_ALELO) VALUES (SQ_DPGP_ID.NEXTVAL,3,'210:01');
INSERT INTO MODRED.DPB1_GRUPO_PERMISSIVIDADE (DPGP_ID,GRPE_ID,DPGP_TX_VALOR_ALELO) VALUES (SQ_DPGP_ID.NEXTVAL,3,'211:01');
INSERT INTO MODRED.DPB1_GRUPO_PERMISSIVIDADE (DPGP_ID,GRPE_ID,DPGP_TX_VALOR_ALELO) VALUES (SQ_DPGP_ID.NEXTVAL,3,'212:01');
INSERT INTO MODRED.DPB1_GRUPO_PERMISSIVIDADE (DPGP_ID,GRPE_ID,DPGP_TX_VALOR_ALELO) VALUES (SQ_DPGP_ID.NEXTVAL,3,'213:01');
INSERT INTO MODRED.DPB1_GRUPO_PERMISSIVIDADE (DPGP_ID,GRPE_ID,DPGP_TX_VALOR_ALELO) VALUES (SQ_DPGP_ID.NEXTVAL,3,'214:01');
INSERT INTO MODRED.DPB1_GRUPO_PERMISSIVIDADE (DPGP_ID,GRPE_ID,DPGP_TX_VALOR_ALELO) VALUES (SQ_DPGP_ID.NEXTVAL,3,'215:01');
INSERT INTO MODRED.DPB1_GRUPO_PERMISSIVIDADE (DPGP_ID,GRPE_ID,DPGP_TX_VALOR_ALELO) VALUES (SQ_DPGP_ID.NEXTVAL,3,'217:01');
INSERT INTO MODRED.DPB1_GRUPO_PERMISSIVIDADE (DPGP_ID,GRPE_ID,DPGP_TX_VALOR_ALELO) VALUES (SQ_DPGP_ID.NEXTVAL,3,'219:01');
INSERT INTO MODRED.DPB1_GRUPO_PERMISSIVIDADE (DPGP_ID,GRPE_ID,DPGP_TX_VALOR_ALELO) VALUES (SQ_DPGP_ID.NEXTVAL,3,'220:01');
INSERT INTO MODRED.DPB1_GRUPO_PERMISSIVIDADE (DPGP_ID,GRPE_ID,DPGP_TX_VALOR_ALELO) VALUES (SQ_DPGP_ID.NEXTVAL,3,'223:01');
INSERT INTO MODRED.DPB1_GRUPO_PERMISSIVIDADE (DPGP_ID,GRPE_ID,DPGP_TX_VALOR_ALELO) VALUES (SQ_DPGP_ID.NEXTVAL,3,'224:01');
INSERT INTO MODRED.DPB1_GRUPO_PERMISSIVIDADE (DPGP_ID,GRPE_ID,DPGP_TX_VALOR_ALELO) VALUES (SQ_DPGP_ID.NEXTVAL,3,'225:01');
INSERT INTO MODRED.DPB1_GRUPO_PERMISSIVIDADE (DPGP_ID,GRPE_ID,DPGP_TX_VALOR_ALELO) VALUES (SQ_DPGP_ID.NEXTVAL,3,'226:01');
INSERT INTO MODRED.DPB1_GRUPO_PERMISSIVIDADE (DPGP_ID,GRPE_ID,DPGP_TX_VALOR_ALELO) VALUES (SQ_DPGP_ID.NEXTVAL,3,'227:01');
INSERT INTO MODRED.DPB1_GRUPO_PERMISSIVIDADE (DPGP_ID,GRPE_ID,DPGP_TX_VALOR_ALELO) VALUES (SQ_DPGP_ID.NEXTVAL,3,'228:01');
INSERT INTO MODRED.DPB1_GRUPO_PERMISSIVIDADE (DPGP_ID,GRPE_ID,DPGP_TX_VALOR_ALELO) VALUES (SQ_DPGP_ID.NEXTVAL,3,'229:01');
INSERT INTO MODRED.DPB1_GRUPO_PERMISSIVIDADE (DPGP_ID,GRPE_ID,DPGP_TX_VALOR_ALELO) VALUES (SQ_DPGP_ID.NEXTVAL,3,'230:01');
INSERT INTO MODRED.DPB1_GRUPO_PERMISSIVIDADE (DPGP_ID,GRPE_ID,DPGP_TX_VALOR_ALELO) VALUES (SQ_DPGP_ID.NEXTVAL,3,'231:01');
INSERT INTO MODRED.DPB1_GRUPO_PERMISSIVIDADE (DPGP_ID,GRPE_ID,DPGP_TX_VALOR_ALELO) VALUES (SQ_DPGP_ID.NEXTVAL,3,'232:01');
INSERT INTO MODRED.DPB1_GRUPO_PERMISSIVIDADE (DPGP_ID,GRPE_ID,DPGP_TX_VALOR_ALELO) VALUES (SQ_DPGP_ID.NEXTVAL,3,'233:01');
INSERT INTO MODRED.DPB1_GRUPO_PERMISSIVIDADE (DPGP_ID,GRPE_ID,DPGP_TX_VALOR_ALELO) VALUES (SQ_DPGP_ID.NEXTVAL,3,'235:01');
INSERT INTO MODRED.DPB1_GRUPO_PERMISSIVIDADE (DPGP_ID,GRPE_ID,DPGP_TX_VALOR_ALELO) VALUES (SQ_DPGP_ID.NEXTVAL,3,'236:01');
INSERT INTO MODRED.DPB1_GRUPO_PERMISSIVIDADE (DPGP_ID,GRPE_ID,DPGP_TX_VALOR_ALELO) VALUES (SQ_DPGP_ID.NEXTVAL,3,'237:01');
INSERT INTO MODRED.DPB1_GRUPO_PERMISSIVIDADE (DPGP_ID,GRPE_ID,DPGP_TX_VALOR_ALELO) VALUES (SQ_DPGP_ID.NEXTVAL,3,'238:01');
INSERT INTO MODRED.DPB1_GRUPO_PERMISSIVIDADE (DPGP_ID,GRPE_ID,DPGP_TX_VALOR_ALELO) VALUES (SQ_DPGP_ID.NEXTVAL,3,'239:01');
INSERT INTO MODRED.DPB1_GRUPO_PERMISSIVIDADE (DPGP_ID,GRPE_ID,DPGP_TX_VALOR_ALELO) VALUES (SQ_DPGP_ID.NEXTVAL,3,'240:01');
INSERT INTO MODRED.DPB1_GRUPO_PERMISSIVIDADE (DPGP_ID,GRPE_ID,DPGP_TX_VALOR_ALELO) VALUES (SQ_DPGP_ID.NEXTVAL,3,'244:01');
INSERT INTO MODRED.DPB1_GRUPO_PERMISSIVIDADE (DPGP_ID,GRPE_ID,DPGP_TX_VALOR_ALELO) VALUES (SQ_DPGP_ID.NEXTVAL,3,'246:01');
INSERT INTO MODRED.DPB1_GRUPO_PERMISSIVIDADE (DPGP_ID,GRPE_ID,DPGP_TX_VALOR_ALELO) VALUES (SQ_DPGP_ID.NEXTVAL,3,'247:01');
INSERT INTO MODRED.DPB1_GRUPO_PERMISSIVIDADE (DPGP_ID,GRPE_ID,DPGP_TX_VALOR_ALELO) VALUES (SQ_DPGP_ID.NEXTVAL,3,'248:01');
INSERT INTO MODRED.DPB1_GRUPO_PERMISSIVIDADE (DPGP_ID,GRPE_ID,DPGP_TX_VALOR_ALELO) VALUES (SQ_DPGP_ID.NEXTVAL,3,'250:01');
INSERT INTO MODRED.DPB1_GRUPO_PERMISSIVIDADE (DPGP_ID,GRPE_ID,DPGP_TX_VALOR_ALELO) VALUES (SQ_DPGP_ID.NEXTVAL,3,'252:01');
INSERT INTO MODRED.DPB1_GRUPO_PERMISSIVIDADE (DPGP_ID,GRPE_ID,DPGP_TX_VALOR_ALELO) VALUES (SQ_DPGP_ID.NEXTVAL,3,'253:01');
INSERT INTO MODRED.DPB1_GRUPO_PERMISSIVIDADE (DPGP_ID,GRPE_ID,DPGP_TX_VALOR_ALELO) VALUES (SQ_DPGP_ID.NEXTVAL,3,'254:01');
INSERT INTO MODRED.DPB1_GRUPO_PERMISSIVIDADE (DPGP_ID,GRPE_ID,DPGP_TX_VALOR_ALELO) VALUES (SQ_DPGP_ID.NEXTVAL,3,'255:01');
INSERT INTO MODRED.DPB1_GRUPO_PERMISSIVIDADE (DPGP_ID,GRPE_ID,DPGP_TX_VALOR_ALELO) VALUES (SQ_DPGP_ID.NEXTVAL,3,'256:01');
INSERT INTO MODRED.DPB1_GRUPO_PERMISSIVIDADE (DPGP_ID,GRPE_ID,DPGP_TX_VALOR_ALELO) VALUES (SQ_DPGP_ID.NEXTVAL,3,'257:01');
INSERT INTO MODRED.DPB1_GRUPO_PERMISSIVIDADE (DPGP_ID,GRPE_ID,DPGP_TX_VALOR_ALELO) VALUES (SQ_DPGP_ID.NEXTVAL,3,'258:01');
INSERT INTO MODRED.DPB1_GRUPO_PERMISSIVIDADE (DPGP_ID,GRPE_ID,DPGP_TX_VALOR_ALELO) VALUES (SQ_DPGP_ID.NEXTVAL,3,'259:01');
INSERT INTO MODRED.DPB1_GRUPO_PERMISSIVIDADE (DPGP_ID,GRPE_ID,DPGP_TX_VALOR_ALELO) VALUES (SQ_DPGP_ID.NEXTVAL,3,'260:01');
INSERT INTO MODRED.DPB1_GRUPO_PERMISSIVIDADE (DPGP_ID,GRPE_ID,DPGP_TX_VALOR_ALELO) VALUES (SQ_DPGP_ID.NEXTVAL,3,'261:01');
INSERT INTO MODRED.DPB1_GRUPO_PERMISSIVIDADE (DPGP_ID,GRPE_ID,DPGP_TX_VALOR_ALELO) VALUES (SQ_DPGP_ID.NEXTVAL,3,'262:01');
INSERT INTO MODRED.DPB1_GRUPO_PERMISSIVIDADE (DPGP_ID,GRPE_ID,DPGP_TX_VALOR_ALELO) VALUES (SQ_DPGP_ID.NEXTVAL,3,'263:01');
INSERT INTO MODRED.DPB1_GRUPO_PERMISSIVIDADE (DPGP_ID,GRPE_ID,DPGP_TX_VALOR_ALELO) VALUES (SQ_DPGP_ID.NEXTVAL,3,'267:01');
INSERT INTO MODRED.DPB1_GRUPO_PERMISSIVIDADE (DPGP_ID,GRPE_ID,DPGP_TX_VALOR_ALELO) VALUES (SQ_DPGP_ID.NEXTVAL,3,'268:01');
INSERT INTO MODRED.DPB1_GRUPO_PERMISSIVIDADE (DPGP_ID,GRPE_ID,DPGP_TX_VALOR_ALELO) VALUES (SQ_DPGP_ID.NEXTVAL,3,'271:01');
INSERT INTO MODRED.DPB1_GRUPO_PERMISSIVIDADE (DPGP_ID,GRPE_ID,DPGP_TX_VALOR_ALELO) VALUES (SQ_DPGP_ID.NEXTVAL,3,'272:01');
INSERT INTO MODRED.DPB1_GRUPO_PERMISSIVIDADE (DPGP_ID,GRPE_ID,DPGP_TX_VALOR_ALELO) VALUES (SQ_DPGP_ID.NEXTVAL,3,'273:01');
INSERT INTO MODRED.DPB1_GRUPO_PERMISSIVIDADE (DPGP_ID,GRPE_ID,DPGP_TX_VALOR_ALELO) VALUES (SQ_DPGP_ID.NEXTVAL,3,'274:01');
INSERT INTO MODRED.DPB1_GRUPO_PERMISSIVIDADE (DPGP_ID,GRPE_ID,DPGP_TX_VALOR_ALELO) VALUES (SQ_DPGP_ID.NEXTVAL,3,'275:01');
INSERT INTO MODRED.DPB1_GRUPO_PERMISSIVIDADE (DPGP_ID,GRPE_ID,DPGP_TX_VALOR_ALELO) VALUES (SQ_DPGP_ID.NEXTVAL,3,'276:01');
INSERT INTO MODRED.DPB1_GRUPO_PERMISSIVIDADE (DPGP_ID,GRPE_ID,DPGP_TX_VALOR_ALELO) VALUES (SQ_DPGP_ID.NEXTVAL,3,'277:01');
INSERT INTO MODRED.DPB1_GRUPO_PERMISSIVIDADE (DPGP_ID,GRPE_ID,DPGP_TX_VALOR_ALELO) VALUES (SQ_DPGP_ID.NEXTVAL,3,'278:01');
INSERT INTO MODRED.DPB1_GRUPO_PERMISSIVIDADE (DPGP_ID,GRPE_ID,DPGP_TX_VALOR_ALELO) VALUES (SQ_DPGP_ID.NEXTVAL,3,'279:01');
INSERT INTO MODRED.DPB1_GRUPO_PERMISSIVIDADE (DPGP_ID,GRPE_ID,DPGP_TX_VALOR_ALELO) VALUES (SQ_DPGP_ID.NEXTVAL,3,'280:01');
INSERT INTO MODRED.DPB1_GRUPO_PERMISSIVIDADE (DPGP_ID,GRPE_ID,DPGP_TX_VALOR_ALELO) VALUES (SQ_DPGP_ID.NEXTVAL,3,'281:01');
INSERT INTO MODRED.DPB1_GRUPO_PERMISSIVIDADE (DPGP_ID,GRPE_ID,DPGP_TX_VALOR_ALELO) VALUES (SQ_DPGP_ID.NEXTVAL,3,'282:01');
INSERT INTO MODRED.DPB1_GRUPO_PERMISSIVIDADE (DPGP_ID,GRPE_ID,DPGP_TX_VALOR_ALELO) VALUES (SQ_DPGP_ID.NEXTVAL,3,'283:01');
INSERT INTO MODRED.DPB1_GRUPO_PERMISSIVIDADE (DPGP_ID,GRPE_ID,DPGP_TX_VALOR_ALELO) VALUES (SQ_DPGP_ID.NEXTVAL,3,'284:01');
INSERT INTO MODRED.DPB1_GRUPO_PERMISSIVIDADE (DPGP_ID,GRPE_ID,DPGP_TX_VALOR_ALELO) VALUES (SQ_DPGP_ID.NEXTVAL,3,'285:01');
INSERT INTO MODRED.DPB1_GRUPO_PERMISSIVIDADE (DPGP_ID,GRPE_ID,DPGP_TX_VALOR_ALELO) VALUES (SQ_DPGP_ID.NEXTVAL,3,'286:01');
INSERT INTO MODRED.DPB1_GRUPO_PERMISSIVIDADE (DPGP_ID,GRPE_ID,DPGP_TX_VALOR_ALELO) VALUES (SQ_DPGP_ID.NEXTVAL,3,'290:01');
INSERT INTO MODRED.DPB1_GRUPO_PERMISSIVIDADE (DPGP_ID,GRPE_ID,DPGP_TX_VALOR_ALELO) VALUES (SQ_DPGP_ID.NEXTVAL,3,'291:01');
INSERT INTO MODRED.DPB1_GRUPO_PERMISSIVIDADE (DPGP_ID,GRPE_ID,DPGP_TX_VALOR_ALELO) VALUES (SQ_DPGP_ID.NEXTVAL,3,'292:01');
INSERT INTO MODRED.DPB1_GRUPO_PERMISSIVIDADE (DPGP_ID,GRPE_ID,DPGP_TX_VALOR_ALELO) VALUES (SQ_DPGP_ID.NEXTVAL,3,'294:01');
INSERT INTO MODRED.DPB1_GRUPO_PERMISSIVIDADE (DPGP_ID,GRPE_ID,DPGP_TX_VALOR_ALELO) VALUES (SQ_DPGP_ID.NEXTVAL,3,'296:01');
INSERT INTO MODRED.DPB1_GRUPO_PERMISSIVIDADE (DPGP_ID,GRPE_ID,DPGP_TX_VALOR_ALELO) VALUES (SQ_DPGP_ID.NEXTVAL,3,'297:01');
INSERT INTO MODRED.DPB1_GRUPO_PERMISSIVIDADE (DPGP_ID,GRPE_ID,DPGP_TX_VALOR_ALELO) VALUES (SQ_DPGP_ID.NEXTVAL,3,'298:01');
INSERT INTO MODRED.DPB1_GRUPO_PERMISSIVIDADE (DPGP_ID,GRPE_ID,DPGP_TX_VALOR_ALELO) VALUES (SQ_DPGP_ID.NEXTVAL,3,'299:01');
INSERT INTO MODRED.DPB1_GRUPO_PERMISSIVIDADE (DPGP_ID,GRPE_ID,DPGP_TX_VALOR_ALELO) VALUES (SQ_DPGP_ID.NEXTVAL,3,'300:01');
INSERT INTO MODRED.DPB1_GRUPO_PERMISSIVIDADE (DPGP_ID,GRPE_ID,DPGP_TX_VALOR_ALELO) VALUES (SQ_DPGP_ID.NEXTVAL,3,'301:01');
INSERT INTO MODRED.DPB1_GRUPO_PERMISSIVIDADE (DPGP_ID,GRPE_ID,DPGP_TX_VALOR_ALELO) VALUES (SQ_DPGP_ID.NEXTVAL,3,'302:01');
INSERT INTO MODRED.DPB1_GRUPO_PERMISSIVIDADE (DPGP_ID,GRPE_ID,DPGP_TX_VALOR_ALELO) VALUES (SQ_DPGP_ID.NEXTVAL,3,'303:01');
INSERT INTO MODRED.DPB1_GRUPO_PERMISSIVIDADE (DPGP_ID,GRPE_ID,DPGP_TX_VALOR_ALELO) VALUES (SQ_DPGP_ID.NEXTVAL,3,'304:01');
INSERT INTO MODRED.DPB1_GRUPO_PERMISSIVIDADE (DPGP_ID,GRPE_ID,DPGP_TX_VALOR_ALELO) VALUES (SQ_DPGP_ID.NEXTVAL,3,'305:01');
INSERT INTO MODRED.DPB1_GRUPO_PERMISSIVIDADE (DPGP_ID,GRPE_ID,DPGP_TX_VALOR_ALELO) VALUES (SQ_DPGP_ID.NEXTVAL,3,'306:01');
INSERT INTO MODRED.DPB1_GRUPO_PERMISSIVIDADE (DPGP_ID,GRPE_ID,DPGP_TX_VALOR_ALELO) VALUES (SQ_DPGP_ID.NEXTVAL,3,'307:01');
INSERT INTO MODRED.DPB1_GRUPO_PERMISSIVIDADE (DPGP_ID,GRPE_ID,DPGP_TX_VALOR_ALELO) VALUES (SQ_DPGP_ID.NEXTVAL,3,'308:01');
INSERT INTO MODRED.DPB1_GRUPO_PERMISSIVIDADE (DPGP_ID,GRPE_ID,DPGP_TX_VALOR_ALELO) VALUES (SQ_DPGP_ID.NEXTVAL,3,'309:01');
INSERT INTO MODRED.DPB1_GRUPO_PERMISSIVIDADE (DPGP_ID,GRPE_ID,DPGP_TX_VALOR_ALELO) VALUES (SQ_DPGP_ID.NEXTVAL,3,'310:01');
INSERT INTO MODRED.DPB1_GRUPO_PERMISSIVIDADE (DPGP_ID,GRPE_ID,DPGP_TX_VALOR_ALELO) VALUES (SQ_DPGP_ID.NEXTVAL,3,'315:01');
INSERT INTO MODRED.DPB1_GRUPO_PERMISSIVIDADE (DPGP_ID,GRPE_ID,DPGP_TX_VALOR_ALELO) VALUES (SQ_DPGP_ID.NEXTVAL,3,'316:01');
INSERT INTO MODRED.DPB1_GRUPO_PERMISSIVIDADE (DPGP_ID,GRPE_ID,DPGP_TX_VALOR_ALELO) VALUES (SQ_DPGP_ID.NEXTVAL,3,'317:01');
INSERT INTO MODRED.DPB1_GRUPO_PERMISSIVIDADE (DPGP_ID,GRPE_ID,DPGP_TX_VALOR_ALELO) VALUES (SQ_DPGP_ID.NEXTVAL,3,'318:01');
INSERT INTO MODRED.DPB1_GRUPO_PERMISSIVIDADE (DPGP_ID,GRPE_ID,DPGP_TX_VALOR_ALELO) VALUES (SQ_DPGP_ID.NEXTVAL,3,'319:01');
INSERT INTO MODRED.DPB1_GRUPO_PERMISSIVIDADE (DPGP_ID,GRPE_ID,DPGP_TX_VALOR_ALELO) VALUES (SQ_DPGP_ID.NEXTVAL,3,'320:01');
INSERT INTO MODRED.DPB1_GRUPO_PERMISSIVIDADE (DPGP_ID,GRPE_ID,DPGP_TX_VALOR_ALELO) VALUES (SQ_DPGP_ID.NEXTVAL,3,'321:01');
INSERT INTO MODRED.DPB1_GRUPO_PERMISSIVIDADE (DPGP_ID,GRPE_ID,DPGP_TX_VALOR_ALELO) VALUES (SQ_DPGP_ID.NEXTVAL,3,'322:01');
INSERT INTO MODRED.DPB1_GRUPO_PERMISSIVIDADE (DPGP_ID,GRPE_ID,DPGP_TX_VALOR_ALELO) VALUES (SQ_DPGP_ID.NEXTVAL,3,'323:01');
INSERT INTO MODRED.DPB1_GRUPO_PERMISSIVIDADE (DPGP_ID,GRPE_ID,DPGP_TX_VALOR_ALELO) VALUES (SQ_DPGP_ID.NEXTVAL,3,'326:01');
INSERT INTO MODRED.DPB1_GRUPO_PERMISSIVIDADE (DPGP_ID,GRPE_ID,DPGP_TX_VALOR_ALELO) VALUES (SQ_DPGP_ID.NEXTVAL,3,'327:01');
INSERT INTO MODRED.DPB1_GRUPO_PERMISSIVIDADE (DPGP_ID,GRPE_ID,DPGP_TX_VALOR_ALELO) VALUES (SQ_DPGP_ID.NEXTVAL,3,'330:01');
INSERT INTO MODRED.DPB1_GRUPO_PERMISSIVIDADE (DPGP_ID,GRPE_ID,DPGP_TX_VALOR_ALELO) VALUES (SQ_DPGP_ID.NEXTVAL,3,'331:01');
INSERT INTO MODRED.DPB1_GRUPO_PERMISSIVIDADE (DPGP_ID,GRPE_ID,DPGP_TX_VALOR_ALELO) VALUES (SQ_DPGP_ID.NEXTVAL,3,'332:01');
INSERT INTO MODRED.DPB1_GRUPO_PERMISSIVIDADE (DPGP_ID,GRPE_ID,DPGP_TX_VALOR_ALELO) VALUES (SQ_DPGP_ID.NEXTVAL,3,'333:01');
INSERT INTO MODRED.DPB1_GRUPO_PERMISSIVIDADE (DPGP_ID,GRPE_ID,DPGP_TX_VALOR_ALELO) VALUES (SQ_DPGP_ID.NEXTVAL,3,'334:01');
INSERT INTO MODRED.DPB1_GRUPO_PERMISSIVIDADE (DPGP_ID,GRPE_ID,DPGP_TX_VALOR_ALELO) VALUES (SQ_DPGP_ID.NEXTVAL,3,'335:01');
INSERT INTO MODRED.DPB1_GRUPO_PERMISSIVIDADE (DPGP_ID,GRPE_ID,DPGP_TX_VALOR_ALELO) VALUES (SQ_DPGP_ID.NEXTVAL,3,'336:01');
INSERT INTO MODRED.DPB1_GRUPO_PERMISSIVIDADE (DPGP_ID,GRPE_ID,DPGP_TX_VALOR_ALELO) VALUES (SQ_DPGP_ID.NEXTVAL,3,'337:01');
INSERT INTO MODRED.DPB1_GRUPO_PERMISSIVIDADE (DPGP_ID,GRPE_ID,DPGP_TX_VALOR_ALELO) VALUES (SQ_DPGP_ID.NEXTVAL,3,'338:01');
INSERT INTO MODRED.DPB1_GRUPO_PERMISSIVIDADE (DPGP_ID,GRPE_ID,DPGP_TX_VALOR_ALELO) VALUES (SQ_DPGP_ID.NEXTVAL,3,'339:01');
INSERT INTO MODRED.DPB1_GRUPO_PERMISSIVIDADE (DPGP_ID,GRPE_ID,DPGP_TX_VALOR_ALELO) VALUES (SQ_DPGP_ID.NEXTVAL,3,'340:01');
INSERT INTO MODRED.DPB1_GRUPO_PERMISSIVIDADE (DPGP_ID,GRPE_ID,DPGP_TX_VALOR_ALELO) VALUES (SQ_DPGP_ID.NEXTVAL,3,'341:01');
INSERT INTO MODRED.DPB1_GRUPO_PERMISSIVIDADE (DPGP_ID,GRPE_ID,DPGP_TX_VALOR_ALELO) VALUES (SQ_DPGP_ID.NEXTVAL,3,'342:01');
INSERT INTO MODRED.DPB1_GRUPO_PERMISSIVIDADE (DPGP_ID,GRPE_ID,DPGP_TX_VALOR_ALELO) VALUES (SQ_DPGP_ID.NEXTVAL,3,'345:01');
INSERT INTO MODRED.DPB1_GRUPO_PERMISSIVIDADE (DPGP_ID,GRPE_ID,DPGP_TX_VALOR_ALELO) VALUES (SQ_DPGP_ID.NEXTVAL,3,'346:01');
INSERT INTO MODRED.DPB1_GRUPO_PERMISSIVIDADE (DPGP_ID,GRPE_ID,DPGP_TX_VALOR_ALELO) VALUES (SQ_DPGP_ID.NEXTVAL,3,'347:01');
INSERT INTO MODRED.DPB1_GRUPO_PERMISSIVIDADE (DPGP_ID,GRPE_ID,DPGP_TX_VALOR_ALELO) VALUES (SQ_DPGP_ID.NEXTVAL,3,'348:01');
INSERT INTO MODRED.DPB1_GRUPO_PERMISSIVIDADE (DPGP_ID,GRPE_ID,DPGP_TX_VALOR_ALELO) VALUES (SQ_DPGP_ID.NEXTVAL,3,'350:01');
INSERT INTO MODRED.DPB1_GRUPO_PERMISSIVIDADE (DPGP_ID,GRPE_ID,DPGP_TX_VALOR_ALELO) VALUES (SQ_DPGP_ID.NEXTVAL,3,'352:01');
INSERT INTO MODRED.DPB1_GRUPO_PERMISSIVIDADE (DPGP_ID,GRPE_ID,DPGP_TX_VALOR_ALELO) VALUES (SQ_DPGP_ID.NEXTVAL,3,'353:01');
INSERT INTO MODRED.DPB1_GRUPO_PERMISSIVIDADE (DPGP_ID,GRPE_ID,DPGP_TX_VALOR_ALELO) VALUES (SQ_DPGP_ID.NEXTVAL,3,'354:01');
INSERT INTO MODRED.DPB1_GRUPO_PERMISSIVIDADE (DPGP_ID,GRPE_ID,DPGP_TX_VALOR_ALELO) VALUES (SQ_DPGP_ID.NEXTVAL,3,'355:01');
INSERT INTO MODRED.DPB1_GRUPO_PERMISSIVIDADE (DPGP_ID,GRPE_ID,DPGP_TX_VALOR_ALELO) VALUES (SQ_DPGP_ID.NEXTVAL,3,'356:01');
INSERT INTO MODRED.DPB1_GRUPO_PERMISSIVIDADE (DPGP_ID,GRPE_ID,DPGP_TX_VALOR_ALELO) VALUES (SQ_DPGP_ID.NEXTVAL,3,'359:01');
INSERT INTO MODRED.DPB1_GRUPO_PERMISSIVIDADE (DPGP_ID,GRPE_ID,DPGP_TX_VALOR_ALELO) VALUES (SQ_DPGP_ID.NEXTVAL,3,'360:01');
INSERT INTO MODRED.DPB1_GRUPO_PERMISSIVIDADE (DPGP_ID,GRPE_ID,DPGP_TX_VALOR_ALELO) VALUES (SQ_DPGP_ID.NEXTVAL,3,'362:01');
INSERT INTO MODRED.DPB1_GRUPO_PERMISSIVIDADE (DPGP_ID,GRPE_ID,DPGP_TX_VALOR_ALELO) VALUES (SQ_DPGP_ID.NEXTVAL,3,'363:01');
INSERT INTO MODRED.DPB1_GRUPO_PERMISSIVIDADE (DPGP_ID,GRPE_ID,DPGP_TX_VALOR_ALELO) VALUES (SQ_DPGP_ID.NEXTVAL,3,'364:01');
INSERT INTO MODRED.DPB1_GRUPO_PERMISSIVIDADE (DPGP_ID,GRPE_ID,DPGP_TX_VALOR_ALELO) VALUES (SQ_DPGP_ID.NEXTVAL,3,'365:01');
INSERT INTO MODRED.DPB1_GRUPO_PERMISSIVIDADE (DPGP_ID,GRPE_ID,DPGP_TX_VALOR_ALELO) VALUES (SQ_DPGP_ID.NEXTVAL,3,'366:01');
INSERT INTO MODRED.DPB1_GRUPO_PERMISSIVIDADE (DPGP_ID,GRPE_ID,DPGP_TX_VALOR_ALELO) VALUES (SQ_DPGP_ID.NEXTVAL,3,'367:01');
INSERT INTO MODRED.DPB1_GRUPO_PERMISSIVIDADE (DPGP_ID,GRPE_ID,DPGP_TX_VALOR_ALELO) VALUES (SQ_DPGP_ID.NEXTVAL,3,'368:01');
INSERT INTO MODRED.DPB1_GRUPO_PERMISSIVIDADE (DPGP_ID,GRPE_ID,DPGP_TX_VALOR_ALELO) VALUES (SQ_DPGP_ID.NEXTVAL,3,'369:01');
INSERT INTO MODRED.DPB1_GRUPO_PERMISSIVIDADE (DPGP_ID,GRPE_ID,DPGP_TX_VALOR_ALELO) VALUES (SQ_DPGP_ID.NEXTVAL,3,'370:01');
INSERT INTO MODRED.DPB1_GRUPO_PERMISSIVIDADE (DPGP_ID,GRPE_ID,DPGP_TX_VALOR_ALELO) VALUES (SQ_DPGP_ID.NEXTVAL,3,'372:01');
INSERT INTO MODRED.DPB1_GRUPO_PERMISSIVIDADE (DPGP_ID,GRPE_ID,DPGP_TX_VALOR_ALELO) VALUES (SQ_DPGP_ID.NEXTVAL,3,'373:01');
INSERT INTO MODRED.DPB1_GRUPO_PERMISSIVIDADE (DPGP_ID,GRPE_ID,DPGP_TX_VALOR_ALELO) VALUES (SQ_DPGP_ID.NEXTVAL,3,'374:01');
INSERT INTO MODRED.DPB1_GRUPO_PERMISSIVIDADE (DPGP_ID,GRPE_ID,DPGP_TX_VALOR_ALELO) VALUES (SQ_DPGP_ID.NEXTVAL,3,'375:01');
INSERT INTO MODRED.DPB1_GRUPO_PERMISSIVIDADE (DPGP_ID,GRPE_ID,DPGP_TX_VALOR_ALELO) VALUES (SQ_DPGP_ID.NEXTVAL,3,'376:01');
INSERT INTO MODRED.DPB1_GRUPO_PERMISSIVIDADE (DPGP_ID,GRPE_ID,DPGP_TX_VALOR_ALELO) VALUES (SQ_DPGP_ID.NEXTVAL,3,'377:01');
INSERT INTO MODRED.DPB1_GRUPO_PERMISSIVIDADE (DPGP_ID,GRPE_ID,DPGP_TX_VALOR_ALELO) VALUES (SQ_DPGP_ID.NEXTVAL,3,'378:01');
INSERT INTO MODRED.DPB1_GRUPO_PERMISSIVIDADE (DPGP_ID,GRPE_ID,DPGP_TX_VALOR_ALELO) VALUES (SQ_DPGP_ID.NEXTVAL,3,'379:01');
INSERT INTO MODRED.DPB1_GRUPO_PERMISSIVIDADE (DPGP_ID,GRPE_ID,DPGP_TX_VALOR_ALELO) VALUES (SQ_DPGP_ID.NEXTVAL,3,'380:01');
INSERT INTO MODRED.DPB1_GRUPO_PERMISSIVIDADE (DPGP_ID,GRPE_ID,DPGP_TX_VALOR_ALELO) VALUES (SQ_DPGP_ID.NEXTVAL,3,'381:01');
INSERT INTO MODRED.DPB1_GRUPO_PERMISSIVIDADE (DPGP_ID,GRPE_ID,DPGP_TX_VALOR_ALELO) VALUES (SQ_DPGP_ID.NEXTVAL,3,'387:01');
INSERT INTO MODRED.DPB1_GRUPO_PERMISSIVIDADE (DPGP_ID,GRPE_ID,DPGP_TX_VALOR_ALELO) VALUES (SQ_DPGP_ID.NEXTVAL,3,'388:01');
INSERT INTO MODRED.DPB1_GRUPO_PERMISSIVIDADE (DPGP_ID,GRPE_ID,DPGP_TX_VALOR_ALELO) VALUES (SQ_DPGP_ID.NEXTVAL,3,'389:01');
INSERT INTO MODRED.DPB1_GRUPO_PERMISSIVIDADE (DPGP_ID,GRPE_ID,DPGP_TX_VALOR_ALELO) VALUES (SQ_DPGP_ID.NEXTVAL,3,'392:01');
INSERT INTO MODRED.DPB1_GRUPO_PERMISSIVIDADE (DPGP_ID,GRPE_ID,DPGP_TX_VALOR_ALELO) VALUES (SQ_DPGP_ID.NEXTVAL,3,'393:01');
INSERT INTO MODRED.DPB1_GRUPO_PERMISSIVIDADE (DPGP_ID,GRPE_ID,DPGP_TX_VALOR_ALELO) VALUES (SQ_DPGP_ID.NEXTVAL,3,'395:01');
INSERT INTO MODRED.DPB1_GRUPO_PERMISSIVIDADE (DPGP_ID,GRPE_ID,DPGP_TX_VALOR_ALELO) VALUES (SQ_DPGP_ID.NEXTVAL,3,'396:01');
INSERT INTO MODRED.DPB1_GRUPO_PERMISSIVIDADE (DPGP_ID,GRPE_ID,DPGP_TX_VALOR_ALELO) VALUES (SQ_DPGP_ID.NEXTVAL,3,'397:01');
INSERT INTO MODRED.DPB1_GRUPO_PERMISSIVIDADE (DPGP_ID,GRPE_ID,DPGP_TX_VALOR_ALELO) VALUES (SQ_DPGP_ID.NEXTVAL,3,'398:01');
INSERT INTO MODRED.DPB1_GRUPO_PERMISSIVIDADE (DPGP_ID,GRPE_ID,DPGP_TX_VALOR_ALELO) VALUES (SQ_DPGP_ID.NEXTVAL,3,'399:01');
INSERT INTO MODRED.DPB1_GRUPO_PERMISSIVIDADE (DPGP_ID,GRPE_ID,DPGP_TX_VALOR_ALELO) VALUES (SQ_DPGP_ID.NEXTVAL,3,'402:01');
INSERT INTO MODRED.DPB1_GRUPO_PERMISSIVIDADE (DPGP_ID,GRPE_ID,DPGP_TX_VALOR_ALELO) VALUES (SQ_DPGP_ID.NEXTVAL,3,'463:01');
INSERT INTO MODRED.DPB1_GRUPO_PERMISSIVIDADE (DPGP_ID,GRPE_ID,DPGP_TX_VALOR_ALELO) VALUES (SQ_DPGP_ID.NEXTVAL,3,'417:01');
INSERT INTO MODRED.DPB1_GRUPO_PERMISSIVIDADE (DPGP_ID,GRPE_ID,DPGP_TX_VALOR_ALELO) VALUES (SQ_DPGP_ID.NEXTVAL,3,'06:01');
INSERT INTO MODRED.DPB1_GRUPO_PERMISSIVIDADE (DPGP_ID,GRPE_ID,DPGP_TX_VALOR_ALELO) VALUES (SQ_DPGP_ID.NEXTVAL,3,'08:01');
INSERT INTO MODRED.DPB1_GRUPO_PERMISSIVIDADE (DPGP_ID,GRPE_ID,DPGP_TX_VALOR_ALELO) VALUES (SQ_DPGP_ID.NEXTVAL,3,'19:01');
INSERT INTO MODRED.DPB1_GRUPO_PERMISSIVIDADE (DPGP_ID,GRPE_ID,DPGP_TX_VALOR_ALELO) VALUES (SQ_DPGP_ID.NEXTVAL,3,'106:01');
INSERT INTO MODRED.DPB1_GRUPO_PERMISSIVIDADE (DPGP_ID,GRPE_ID,DPGP_TX_VALOR_ALELO) VALUES (SQ_DPGP_ID.NEXTVAL,3,'416:01');
INSERT INTO MODRED.DPB1_GRUPO_PERMISSIVIDADE (DPGP_ID,GRPE_ID,DPGP_TX_VALOR_ALELO) VALUES (SQ_DPGP_ID.NEXTVAL,3,'584:01');
INSERT INTO MODRED.DPB1_GRUPO_PERMISSIVIDADE (DPGP_ID,GRPE_ID,DPGP_TX_VALOR_ALELO) VALUES (SQ_DPGP_ID.NEXTVAL,2,'413:01');
INSERT INTO MODRED.DPB1_GRUPO_PERMISSIVIDADE (DPGP_ID,GRPE_ID,DPGP_TX_VALOR_ALELO) VALUES (SQ_DPGP_ID.NEXTVAL,3,'01:01');
INSERT INTO MODRED.DPB1_GRUPO_PERMISSIVIDADE (DPGP_ID,GRPE_ID,DPGP_TX_VALOR_ALELO) VALUES (SQ_DPGP_ID.NEXTVAL,3,'02:01');
INSERT INTO MODRED.DPB1_GRUPO_PERMISSIVIDADE (DPGP_ID,GRPE_ID,DPGP_TX_VALOR_ALELO) VALUES (SQ_DPGP_ID.NEXTVAL,3,'02:02');
INSERT INTO MODRED.DPB1_GRUPO_PERMISSIVIDADE (DPGP_ID,GRPE_ID,DPGP_TX_VALOR_ALELO) VALUES (SQ_DPGP_ID.NEXTVAL,3,'04:01');
INSERT INTO MODRED.DPB1_GRUPO_PERMISSIVIDADE (DPGP_ID,GRPE_ID,DPGP_TX_VALOR_ALELO) VALUES (SQ_DPGP_ID.NEXTVAL,3,'04:02');
INSERT INTO MODRED.DPB1_GRUPO_PERMISSIVIDADE (DPGP_ID,GRPE_ID,DPGP_TX_VALOR_ALELO) VALUES (SQ_DPGP_ID.NEXTVAL,3,'05:01');
INSERT INTO MODRED.DPB1_GRUPO_PERMISSIVIDADE (DPGP_ID,GRPE_ID,DPGP_TX_VALOR_ALELO) VALUES (SQ_DPGP_ID.NEXTVAL,3,'11:01');
INSERT INTO MODRED.DPB1_GRUPO_PERMISSIVIDADE (DPGP_ID,GRPE_ID,DPGP_TX_VALOR_ALELO) VALUES (SQ_DPGP_ID.NEXTVAL,3,'13:01');
INSERT INTO MODRED.DPB1_GRUPO_PERMISSIVIDADE (DPGP_ID,GRPE_ID,DPGP_TX_VALOR_ALELO) VALUES (SQ_DPGP_ID.NEXTVAL,3,'15:01');
INSERT INTO MODRED.DPB1_GRUPO_PERMISSIVIDADE (DPGP_ID,GRPE_ID,DPGP_TX_VALOR_ALELO) VALUES (SQ_DPGP_ID.NEXTVAL,3,'16:01');
INSERT INTO MODRED.DPB1_GRUPO_PERMISSIVIDADE (DPGP_ID,GRPE_ID,DPGP_TX_VALOR_ALELO) VALUES (SQ_DPGP_ID.NEXTVAL,3,'18:01');
INSERT INTO MODRED.DPB1_GRUPO_PERMISSIVIDADE (DPGP_ID,GRPE_ID,DPGP_TX_VALOR_ALELO) VALUES (SQ_DPGP_ID.NEXTVAL,3,'20:01');
INSERT INTO MODRED.DPB1_GRUPO_PERMISSIVIDADE (DPGP_ID,GRPE_ID,DPGP_TX_VALOR_ALELO) VALUES (SQ_DPGP_ID.NEXTVAL,3,'22:01');
INSERT INTO MODRED.DPB1_GRUPO_PERMISSIVIDADE (DPGP_ID,GRPE_ID,DPGP_TX_VALOR_ALELO) VALUES (SQ_DPGP_ID.NEXTVAL,3,'23:01');
INSERT INTO MODRED.DPB1_GRUPO_PERMISSIVIDADE (DPGP_ID,GRPE_ID,DPGP_TX_VALOR_ALELO) VALUES (SQ_DPGP_ID.NEXTVAL,3,'24:01');
INSERT INTO MODRED.DPB1_GRUPO_PERMISSIVIDADE (DPGP_ID,GRPE_ID,DPGP_TX_VALOR_ALELO) VALUES (SQ_DPGP_ID.NEXTVAL,3,'26:01');
INSERT INTO MODRED.DPB1_GRUPO_PERMISSIVIDADE (DPGP_ID,GRPE_ID,DPGP_TX_VALOR_ALELO) VALUES (SQ_DPGP_ID.NEXTVAL,3,'27:01');
INSERT INTO MODRED.DPB1_GRUPO_PERMISSIVIDADE (DPGP_ID,GRPE_ID,DPGP_TX_VALOR_ALELO) VALUES (SQ_DPGP_ID.NEXTVAL,3,'28:01');
INSERT INTO MODRED.DPB1_GRUPO_PERMISSIVIDADE (DPGP_ID,GRPE_ID,DPGP_TX_VALOR_ALELO) VALUES (SQ_DPGP_ID.NEXTVAL,3,'31:01');
INSERT INTO MODRED.DPB1_GRUPO_PERMISSIVIDADE (DPGP_ID,GRPE_ID,DPGP_TX_VALOR_ALELO) VALUES (SQ_DPGP_ID.NEXTVAL,3,'32:01');
INSERT INTO MODRED.DPB1_GRUPO_PERMISSIVIDADE (DPGP_ID,GRPE_ID,DPGP_TX_VALOR_ALELO) VALUES (SQ_DPGP_ID.NEXTVAL,3,'33:01');
INSERT INTO MODRED.DPB1_GRUPO_PERMISSIVIDADE (DPGP_ID,GRPE_ID,DPGP_TX_VALOR_ALELO) VALUES (SQ_DPGP_ID.NEXTVAL,3,'34:01');
INSERT INTO MODRED.DPB1_GRUPO_PERMISSIVIDADE (DPGP_ID,GRPE_ID,DPGP_TX_VALOR_ALELO) VALUES (SQ_DPGP_ID.NEXTVAL,3,'36:01');
INSERT INTO MODRED.DPB1_GRUPO_PERMISSIVIDADE (DPGP_ID,GRPE_ID,DPGP_TX_VALOR_ALELO) VALUES (SQ_DPGP_ID.NEXTVAL,3,'38:01');
INSERT INTO MODRED.DPB1_GRUPO_PERMISSIVIDADE (DPGP_ID,GRPE_ID,DPGP_TX_VALOR_ALELO) VALUES (SQ_DPGP_ID.NEXTVAL,3,'39:01');
INSERT INTO MODRED.DPB1_GRUPO_PERMISSIVIDADE (DPGP_ID,GRPE_ID,DPGP_TX_VALOR_ALELO) VALUES (SQ_DPGP_ID.NEXTVAL,3,'40:01');
INSERT INTO MODRED.DPB1_GRUPO_PERMISSIVIDADE (DPGP_ID,GRPE_ID,DPGP_TX_VALOR_ALELO) VALUES (SQ_DPGP_ID.NEXTVAL,3,'41:01');
INSERT INTO MODRED.DPB1_GRUPO_PERMISSIVIDADE (DPGP_ID,GRPE_ID,DPGP_TX_VALOR_ALELO) VALUES (SQ_DPGP_ID.NEXTVAL,3,'46:01');
INSERT INTO MODRED.DPB1_GRUPO_PERMISSIVIDADE (DPGP_ID,GRPE_ID,DPGP_TX_VALOR_ALELO) VALUES (SQ_DPGP_ID.NEXTVAL,3,'47:01');
INSERT INTO MODRED.DPB1_GRUPO_PERMISSIVIDADE (DPGP_ID,GRPE_ID,DPGP_TX_VALOR_ALELO) VALUES (SQ_DPGP_ID.NEXTVAL,3,'48:01');
INSERT INTO MODRED.DPB1_GRUPO_PERMISSIVIDADE (DPGP_ID,GRPE_ID,DPGP_TX_VALOR_ALELO) VALUES (SQ_DPGP_ID.NEXTVAL,3,'49:01');
INSERT INTO MODRED.DPB1_GRUPO_PERMISSIVIDADE (DPGP_ID,GRPE_ID,DPGP_TX_VALOR_ALELO) VALUES (SQ_DPGP_ID.NEXTVAL,3,'50:01');
INSERT INTO MODRED.DPB1_GRUPO_PERMISSIVIDADE (DPGP_ID,GRPE_ID,DPGP_TX_VALOR_ALELO) VALUES (SQ_DPGP_ID.NEXTVAL,3,'51:01');
INSERT INTO MODRED.DPB1_GRUPO_PERMISSIVIDADE (DPGP_ID,GRPE_ID,DPGP_TX_VALOR_ALELO) VALUES (SQ_DPGP_ID.NEXTVAL,3,'52:01');
INSERT INTO MODRED.DPB1_GRUPO_PERMISSIVIDADE (DPGP_ID,GRPE_ID,DPGP_TX_VALOR_ALELO) VALUES (SQ_DPGP_ID.NEXTVAL,3,'53:01');
INSERT INTO MODRED.DPB1_GRUPO_PERMISSIVIDADE (DPGP_ID,GRPE_ID,DPGP_TX_VALOR_ALELO) VALUES (SQ_DPGP_ID.NEXTVAL,3,'56:01');
INSERT INTO MODRED.DPB1_GRUPO_PERMISSIVIDADE (DPGP_ID,GRPE_ID,DPGP_TX_VALOR_ALELO) VALUES (SQ_DPGP_ID.NEXTVAL,3,'57:01');
INSERT INTO MODRED.DPB1_GRUPO_PERMISSIVIDADE (DPGP_ID,GRPE_ID,DPGP_TX_VALOR_ALELO) VALUES (SQ_DPGP_ID.NEXTVAL,3,'59:01');
INSERT INTO MODRED.DPB1_GRUPO_PERMISSIVIDADE (DPGP_ID,GRPE_ID,DPGP_TX_VALOR_ALELO) VALUES (SQ_DPGP_ID.NEXTVAL,3,'60:01');
INSERT INTO MODRED.DPB1_GRUPO_PERMISSIVIDADE (DPGP_ID,GRPE_ID,DPGP_TX_VALOR_ALELO) VALUES (SQ_DPGP_ID.NEXTVAL,3,'62:01');
INSERT INTO MODRED.DPB1_GRUPO_PERMISSIVIDADE (DPGP_ID,GRPE_ID,DPGP_TX_VALOR_ALELO) VALUES (SQ_DPGP_ID.NEXTVAL,3,'63:01');
INSERT INTO MODRED.DPB1_GRUPO_PERMISSIVIDADE (DPGP_ID,GRPE_ID,DPGP_TX_VALOR_ALELO) VALUES (SQ_DPGP_ID.NEXTVAL,3,'65:01');
INSERT INTO MODRED.DPB1_GRUPO_PERMISSIVIDADE (DPGP_ID,GRPE_ID,DPGP_TX_VALOR_ALELO) VALUES (SQ_DPGP_ID.NEXTVAL,3,'66:01');
INSERT INTO MODRED.DPB1_GRUPO_PERMISSIVIDADE (DPGP_ID,GRPE_ID,DPGP_TX_VALOR_ALELO) VALUES (SQ_DPGP_ID.NEXTVAL,3,'68:01');
INSERT INTO MODRED.DPB1_GRUPO_PERMISSIVIDADE (DPGP_ID,GRPE_ID,DPGP_TX_VALOR_ALELO) VALUES (SQ_DPGP_ID.NEXTVAL,3,'71:01');
INSERT INTO MODRED.DPB1_GRUPO_PERMISSIVIDADE (DPGP_ID,GRPE_ID,DPGP_TX_VALOR_ALELO) VALUES (SQ_DPGP_ID.NEXTVAL,3,'72:01');
INSERT INTO MODRED.DPB1_GRUPO_PERMISSIVIDADE (DPGP_ID,GRPE_ID,DPGP_TX_VALOR_ALELO) VALUES (SQ_DPGP_ID.NEXTVAL,3,'73:01');
INSERT INTO MODRED.DPB1_GRUPO_PERMISSIVIDADE (DPGP_ID,GRPE_ID,DPGP_TX_VALOR_ALELO) VALUES (SQ_DPGP_ID.NEXTVAL,3,'74:01');
INSERT INTO MODRED.DPB1_GRUPO_PERMISSIVIDADE (DPGP_ID,GRPE_ID,DPGP_TX_VALOR_ALELO) VALUES (SQ_DPGP_ID.NEXTVAL,3,'75:01');
INSERT INTO MODRED.DPB1_GRUPO_PERMISSIVIDADE (DPGP_ID,GRPE_ID,DPGP_TX_VALOR_ALELO) VALUES (SQ_DPGP_ID.NEXTVAL,3,'77:01');
INSERT INTO MODRED.DPB1_GRUPO_PERMISSIVIDADE (DPGP_ID,GRPE_ID,DPGP_TX_VALOR_ALELO) VALUES (SQ_DPGP_ID.NEXTVAL,3,'80:01');
INSERT INTO MODRED.DPB1_GRUPO_PERMISSIVIDADE (DPGP_ID,GRPE_ID,DPGP_TX_VALOR_ALELO) VALUES (SQ_DPGP_ID.NEXTVAL,3,'81:01');
INSERT INTO MODRED.DPB1_GRUPO_PERMISSIVIDADE (DPGP_ID,GRPE_ID,DPGP_TX_VALOR_ALELO) VALUES (SQ_DPGP_ID.NEXTVAL,3,'82:01');
INSERT INTO MODRED.DPB1_GRUPO_PERMISSIVIDADE (DPGP_ID,GRPE_ID,DPGP_TX_VALOR_ALELO) VALUES (SQ_DPGP_ID.NEXTVAL,3,'83:01');
INSERT INTO MODRED.DPB1_GRUPO_PERMISSIVIDADE (DPGP_ID,GRPE_ID,DPGP_TX_VALOR_ALELO) VALUES (SQ_DPGP_ID.NEXTVAL,3,'84:01');
INSERT INTO MODRED.DPB1_GRUPO_PERMISSIVIDADE (DPGP_ID,GRPE_ID,DPGP_TX_VALOR_ALELO) VALUES (SQ_DPGP_ID.NEXTVAL,3,'85:01');
INSERT INTO MODRED.DPB1_GRUPO_PERMISSIVIDADE (DPGP_ID,GRPE_ID,DPGP_TX_VALOR_ALELO) VALUES (SQ_DPGP_ID.NEXTVAL,3,'87:01');
INSERT INTO MODRED.DPB1_GRUPO_PERMISSIVIDADE (DPGP_ID,GRPE_ID,DPGP_TX_VALOR_ALELO) VALUES (SQ_DPGP_ID.NEXTVAL,3,'89:01');
INSERT INTO MODRED.DPB1_GRUPO_PERMISSIVIDADE (DPGP_ID,GRPE_ID,DPGP_TX_VALOR_ALELO) VALUES (SQ_DPGP_ID.NEXTVAL,3,'90:01');
INSERT INTO MODRED.DPB1_GRUPO_PERMISSIVIDADE (DPGP_ID,GRPE_ID,DPGP_TX_VALOR_ALELO) VALUES (SQ_DPGP_ID.NEXTVAL,3,'94:01');
INSERT INTO MODRED.DPB1_GRUPO_PERMISSIVIDADE (DPGP_ID,GRPE_ID,DPGP_TX_VALOR_ALELO) VALUES (SQ_DPGP_ID.NEXTVAL,3,'95:01');
INSERT INTO MODRED.DPB1_GRUPO_PERMISSIVIDADE (DPGP_ID,GRPE_ID,DPGP_TX_VALOR_ALELO) VALUES (SQ_DPGP_ID.NEXTVAL,3,'96:01');
INSERT INTO MODRED.DPB1_GRUPO_PERMISSIVIDADE (DPGP_ID,GRPE_ID,DPGP_TX_VALOR_ALELO) VALUES (SQ_DPGP_ID.NEXTVAL,3,'97:01');
INSERT INTO MODRED.DPB1_GRUPO_PERMISSIVIDADE (DPGP_ID,GRPE_ID,DPGP_TX_VALOR_ALELO) VALUES (SQ_DPGP_ID.NEXTVAL,3,'99:01');
INSERT INTO MODRED.DPB1_GRUPO_PERMISSIVIDADE (DPGP_ID,GRPE_ID,DPGP_TX_VALOR_ALELO) VALUES (SQ_DPGP_ID.NEXTVAL,3,'100:01');
INSERT INTO MODRED.DPB1_GRUPO_PERMISSIVIDADE (DPGP_ID,GRPE_ID,DPGP_TX_VALOR_ALELO) VALUES (SQ_DPGP_ID.NEXTVAL,3,'101:01');
INSERT INTO MODRED.DPB1_GRUPO_PERMISSIVIDADE (DPGP_ID,GRPE_ID,DPGP_TX_VALOR_ALELO) VALUES (SQ_DPGP_ID.NEXTVAL,3,'102:01');
INSERT INTO MODRED.DPB1_GRUPO_PERMISSIVIDADE (DPGP_ID,GRPE_ID,DPGP_TX_VALOR_ALELO) VALUES (SQ_DPGP_ID.NEXTVAL,3,'103:01');
INSERT INTO MODRED.DPB1_GRUPO_PERMISSIVIDADE (DPGP_ID,GRPE_ID,DPGP_TX_VALOR_ALELO) VALUES (SQ_DPGP_ID.NEXTVAL,3,'105:01');
COMMIT;

INSERT INTO MODRED.DPB1_GRUPO_PERMIS_PACIE_DOADOR (GRPE_ID_PACIENTE_ALELO1,GRPE_ID_PACIENTE_ALELO2,GRPE_ID_DOADOR_ALELO1,GRPE_ID_DOADOR_ALELO2,TIPM_ID,DGPD_ID) VALUES ('1','1','1','1','1',SQ_DGPD_ID.NEXTVAL);
INSERT INTO MODRED.DPB1_GRUPO_PERMIS_PACIE_DOADOR (GRPE_ID_PACIENTE_ALELO1,GRPE_ID_PACIENTE_ALELO2,GRPE_ID_DOADOR_ALELO1,GRPE_ID_DOADOR_ALELO2,TIPM_ID,DGPD_ID) VALUES ('1','2','1','1','1',SQ_DGPD_ID.NEXTVAL);
INSERT INTO MODRED.DPB1_GRUPO_PERMIS_PACIE_DOADOR (GRPE_ID_PACIENTE_ALELO1,GRPE_ID_PACIENTE_ALELO2,GRPE_ID_DOADOR_ALELO1,GRPE_ID_DOADOR_ALELO2,TIPM_ID,DGPD_ID) VALUES ('2','1','1','1','1',SQ_DGPD_ID.NEXTVAL);
INSERT INTO MODRED.DPB1_GRUPO_PERMIS_PACIE_DOADOR (GRPE_ID_PACIENTE_ALELO1,GRPE_ID_PACIENTE_ALELO2,GRPE_ID_DOADOR_ALELO1,GRPE_ID_DOADOR_ALELO2,TIPM_ID,DGPD_ID) VALUES ('1','3','1','1','1',SQ_DGPD_ID.NEXTVAL);
INSERT INTO MODRED.DPB1_GRUPO_PERMIS_PACIE_DOADOR (GRPE_ID_PACIENTE_ALELO1,GRPE_ID_PACIENTE_ALELO2,GRPE_ID_DOADOR_ALELO1,GRPE_ID_DOADOR_ALELO2,TIPM_ID,DGPD_ID) VALUES ('3','1','1','1','1',SQ_DGPD_ID.NEXTVAL);
INSERT INTO MODRED.DPB1_GRUPO_PERMIS_PACIE_DOADOR (GRPE_ID_PACIENTE_ALELO1,GRPE_ID_PACIENTE_ALELO2,GRPE_ID_DOADOR_ALELO1,GRPE_ID_DOADOR_ALELO2,TIPM_ID,DGPD_ID) VALUES ('2','2','2','2','1',SQ_DGPD_ID.NEXTVAL);
INSERT INTO MODRED.DPB1_GRUPO_PERMIS_PACIE_DOADOR (GRPE_ID_PACIENTE_ALELO1,GRPE_ID_PACIENTE_ALELO2,GRPE_ID_DOADOR_ALELO1,GRPE_ID_DOADOR_ALELO2,TIPM_ID,DGPD_ID) VALUES ('2','3','2','2','1',SQ_DGPD_ID.NEXTVAL);
INSERT INTO MODRED.DPB1_GRUPO_PERMIS_PACIE_DOADOR (GRPE_ID_PACIENTE_ALELO1,GRPE_ID_PACIENTE_ALELO2,GRPE_ID_DOADOR_ALELO1,GRPE_ID_DOADOR_ALELO2,TIPM_ID,DGPD_ID) VALUES ('3','2','2','2','1',SQ_DGPD_ID.NEXTVAL);
INSERT INTO MODRED.DPB1_GRUPO_PERMIS_PACIE_DOADOR (GRPE_ID_PACIENTE_ALELO1,GRPE_ID_PACIENTE_ALELO2,GRPE_ID_DOADOR_ALELO1,GRPE_ID_DOADOR_ALELO2,TIPM_ID,DGPD_ID) VALUES ('3','3','3','3','1',SQ_DGPD_ID.NEXTVAL);
INSERT INTO MODRED.DPB1_GRUPO_PERMIS_PACIE_DOADOR (GRPE_ID_PACIENTE_ALELO1,GRPE_ID_PACIENTE_ALELO2,GRPE_ID_DOADOR_ALELO1,GRPE_ID_DOADOR_ALELO2,TIPM_ID,DGPD_ID) VALUES ('1','1','1','2','1',SQ_DGPD_ID.NEXTVAL);
INSERT INTO MODRED.DPB1_GRUPO_PERMIS_PACIE_DOADOR (GRPE_ID_PACIENTE_ALELO1,GRPE_ID_PACIENTE_ALELO2,GRPE_ID_DOADOR_ALELO1,GRPE_ID_DOADOR_ALELO2,TIPM_ID,DGPD_ID) VALUES ('1','2','1','2','1',SQ_DGPD_ID.NEXTVAL);
INSERT INTO MODRED.DPB1_GRUPO_PERMIS_PACIE_DOADOR (GRPE_ID_PACIENTE_ALELO1,GRPE_ID_PACIENTE_ALELO2,GRPE_ID_DOADOR_ALELO1,GRPE_ID_DOADOR_ALELO2,TIPM_ID,DGPD_ID) VALUES ('2','1','1','2','1',SQ_DGPD_ID.NEXTVAL);
INSERT INTO MODRED.DPB1_GRUPO_PERMIS_PACIE_DOADOR (GRPE_ID_PACIENTE_ALELO1,GRPE_ID_PACIENTE_ALELO2,GRPE_ID_DOADOR_ALELO1,GRPE_ID_DOADOR_ALELO2,TIPM_ID,DGPD_ID) VALUES ('1','3','1','2','1',SQ_DGPD_ID.NEXTVAL);
INSERT INTO MODRED.DPB1_GRUPO_PERMIS_PACIE_DOADOR (GRPE_ID_PACIENTE_ALELO1,GRPE_ID_PACIENTE_ALELO2,GRPE_ID_DOADOR_ALELO1,GRPE_ID_DOADOR_ALELO2,TIPM_ID,DGPD_ID) VALUES ('3','1','1','2','1',SQ_DGPD_ID.NEXTVAL);
INSERT INTO MODRED.DPB1_GRUPO_PERMIS_PACIE_DOADOR (GRPE_ID_PACIENTE_ALELO1,GRPE_ID_PACIENTE_ALELO2,GRPE_ID_DOADOR_ALELO1,GRPE_ID_DOADOR_ALELO2,TIPM_ID,DGPD_ID) VALUES ('2','2','2','3','1',SQ_DGPD_ID.NEXTVAL);
INSERT INTO MODRED.DPB1_GRUPO_PERMIS_PACIE_DOADOR (GRPE_ID_PACIENTE_ALELO1,GRPE_ID_PACIENTE_ALELO2,GRPE_ID_DOADOR_ALELO1,GRPE_ID_DOADOR_ALELO2,TIPM_ID,DGPD_ID) VALUES ('2','3','2','3','1',SQ_DGPD_ID.NEXTVAL);
INSERT INTO MODRED.DPB1_GRUPO_PERMIS_PACIE_DOADOR (GRPE_ID_PACIENTE_ALELO1,GRPE_ID_PACIENTE_ALELO2,GRPE_ID_DOADOR_ALELO1,GRPE_ID_DOADOR_ALELO2,TIPM_ID,DGPD_ID) VALUES ('3','2','2','3','1',SQ_DGPD_ID.NEXTVAL);
INSERT INTO MODRED.DPB1_GRUPO_PERMIS_PACIE_DOADOR (GRPE_ID_PACIENTE_ALELO1,GRPE_ID_PACIENTE_ALELO2,GRPE_ID_DOADOR_ALELO1,GRPE_ID_DOADOR_ALELO2,TIPM_ID,DGPD_ID) VALUES ('1','1','2','1','1',SQ_DGPD_ID.NEXTVAL);
INSERT INTO MODRED.DPB1_GRUPO_PERMIS_PACIE_DOADOR (GRPE_ID_PACIENTE_ALELO1,GRPE_ID_PACIENTE_ALELO2,GRPE_ID_DOADOR_ALELO1,GRPE_ID_DOADOR_ALELO2,TIPM_ID,DGPD_ID) VALUES ('1','2','2','1','1',SQ_DGPD_ID.NEXTVAL);
INSERT INTO MODRED.DPB1_GRUPO_PERMIS_PACIE_DOADOR (GRPE_ID_PACIENTE_ALELO1,GRPE_ID_PACIENTE_ALELO2,GRPE_ID_DOADOR_ALELO1,GRPE_ID_DOADOR_ALELO2,TIPM_ID,DGPD_ID) VALUES ('2','1','2','1','1',SQ_DGPD_ID.NEXTVAL);
INSERT INTO MODRED.DPB1_GRUPO_PERMIS_PACIE_DOADOR (GRPE_ID_PACIENTE_ALELO1,GRPE_ID_PACIENTE_ALELO2,GRPE_ID_DOADOR_ALELO1,GRPE_ID_DOADOR_ALELO2,TIPM_ID,DGPD_ID) VALUES ('1','3','2','1','1',SQ_DGPD_ID.NEXTVAL);
INSERT INTO MODRED.DPB1_GRUPO_PERMIS_PACIE_DOADOR (GRPE_ID_PACIENTE_ALELO1,GRPE_ID_PACIENTE_ALELO2,GRPE_ID_DOADOR_ALELO1,GRPE_ID_DOADOR_ALELO2,TIPM_ID,DGPD_ID) VALUES ('3','1','2','1','1',SQ_DGPD_ID.NEXTVAL);
INSERT INTO MODRED.DPB1_GRUPO_PERMIS_PACIE_DOADOR (GRPE_ID_PACIENTE_ALELO1,GRPE_ID_PACIENTE_ALELO2,GRPE_ID_DOADOR_ALELO1,GRPE_ID_DOADOR_ALELO2,TIPM_ID,DGPD_ID) VALUES ('2','2','3','2','1',SQ_DGPD_ID.NEXTVAL);
INSERT INTO MODRED.DPB1_GRUPO_PERMIS_PACIE_DOADOR (GRPE_ID_PACIENTE_ALELO1,GRPE_ID_PACIENTE_ALELO2,GRPE_ID_DOADOR_ALELO1,GRPE_ID_DOADOR_ALELO2,TIPM_ID,DGPD_ID) VALUES ('2','3','3','2','1',SQ_DGPD_ID.NEXTVAL);
INSERT INTO MODRED.DPB1_GRUPO_PERMIS_PACIE_DOADOR (GRPE_ID_PACIENTE_ALELO1,GRPE_ID_PACIENTE_ALELO2,GRPE_ID_DOADOR_ALELO1,GRPE_ID_DOADOR_ALELO2,TIPM_ID,DGPD_ID) VALUES ('3','2','3','2','1',SQ_DGPD_ID.NEXTVAL);
INSERT INTO MODRED.DPB1_GRUPO_PERMIS_PACIE_DOADOR (GRPE_ID_PACIENTE_ALELO1,GRPE_ID_PACIENTE_ALELO2,GRPE_ID_DOADOR_ALELO1,GRPE_ID_DOADOR_ALELO2,TIPM_ID,DGPD_ID) VALUES ('1','1','1','3','1',SQ_DGPD_ID.NEXTVAL);
INSERT INTO MODRED.DPB1_GRUPO_PERMIS_PACIE_DOADOR (GRPE_ID_PACIENTE_ALELO1,GRPE_ID_PACIENTE_ALELO2,GRPE_ID_DOADOR_ALELO1,GRPE_ID_DOADOR_ALELO2,TIPM_ID,DGPD_ID) VALUES ('1','2','1','3','1',SQ_DGPD_ID.NEXTVAL);
INSERT INTO MODRED.DPB1_GRUPO_PERMIS_PACIE_DOADOR (GRPE_ID_PACIENTE_ALELO1,GRPE_ID_PACIENTE_ALELO2,GRPE_ID_DOADOR_ALELO1,GRPE_ID_DOADOR_ALELO2,TIPM_ID,DGPD_ID) VALUES ('2','1','1','3','1',SQ_DGPD_ID.NEXTVAL);
INSERT INTO MODRED.DPB1_GRUPO_PERMIS_PACIE_DOADOR (GRPE_ID_PACIENTE_ALELO1,GRPE_ID_PACIENTE_ALELO2,GRPE_ID_DOADOR_ALELO1,GRPE_ID_DOADOR_ALELO2,TIPM_ID,DGPD_ID) VALUES ('1','3','1','3','1',SQ_DGPD_ID.NEXTVAL);
INSERT INTO MODRED.DPB1_GRUPO_PERMIS_PACIE_DOADOR (GRPE_ID_PACIENTE_ALELO1,GRPE_ID_PACIENTE_ALELO2,GRPE_ID_DOADOR_ALELO1,GRPE_ID_DOADOR_ALELO2,TIPM_ID,DGPD_ID) VALUES ('3','1','1','3','1',SQ_DGPD_ID.NEXTVAL);
INSERT INTO MODRED.DPB1_GRUPO_PERMIS_PACIE_DOADOR (GRPE_ID_PACIENTE_ALELO1,GRPE_ID_PACIENTE_ALELO2,GRPE_ID_DOADOR_ALELO1,GRPE_ID_DOADOR_ALELO2,TIPM_ID,DGPD_ID) VALUES ('1','1','3','1','1',SQ_DGPD_ID.NEXTVAL);
INSERT INTO MODRED.DPB1_GRUPO_PERMIS_PACIE_DOADOR (GRPE_ID_PACIENTE_ALELO1,GRPE_ID_PACIENTE_ALELO2,GRPE_ID_DOADOR_ALELO1,GRPE_ID_DOADOR_ALELO2,TIPM_ID,DGPD_ID) VALUES ('1','2','3','1','1',SQ_DGPD_ID.NEXTVAL);
INSERT INTO MODRED.DPB1_GRUPO_PERMIS_PACIE_DOADOR (GRPE_ID_PACIENTE_ALELO1,GRPE_ID_PACIENTE_ALELO2,GRPE_ID_DOADOR_ALELO1,GRPE_ID_DOADOR_ALELO2,TIPM_ID,DGPD_ID) VALUES ('2','1','3','1','1',SQ_DGPD_ID.NEXTVAL);
INSERT INTO MODRED.DPB1_GRUPO_PERMIS_PACIE_DOADOR (GRPE_ID_PACIENTE_ALELO1,GRPE_ID_PACIENTE_ALELO2,GRPE_ID_DOADOR_ALELO1,GRPE_ID_DOADOR_ALELO2,TIPM_ID,DGPD_ID) VALUES ('1','3','3','1','1',SQ_DGPD_ID.NEXTVAL);
INSERT INTO MODRED.DPB1_GRUPO_PERMIS_PACIE_DOADOR (GRPE_ID_PACIENTE_ALELO1,GRPE_ID_PACIENTE_ALELO2,GRPE_ID_DOADOR_ALELO1,GRPE_ID_DOADOR_ALELO2,TIPM_ID,DGPD_ID) VALUES ('3','1','3','1','1',SQ_DGPD_ID.NEXTVAL);
INSERT INTO MODRED.DPB1_GRUPO_PERMIS_PACIE_DOADOR (GRPE_ID_PACIENTE_ALELO1,GRPE_ID_PACIENTE_ALELO2,GRPE_ID_DOADOR_ALELO1,GRPE_ID_DOADOR_ALELO2,TIPM_ID,DGPD_ID) VALUES ('1','1','2','2','2',SQ_DGPD_ID.NEXTVAL);
INSERT INTO MODRED.DPB1_GRUPO_PERMIS_PACIE_DOADOR (GRPE_ID_PACIENTE_ALELO1,GRPE_ID_PACIENTE_ALELO2,GRPE_ID_DOADOR_ALELO1,GRPE_ID_DOADOR_ALELO2,TIPM_ID,DGPD_ID) VALUES ('1','2','2','2','2',SQ_DGPD_ID.NEXTVAL);
INSERT INTO MODRED.DPB1_GRUPO_PERMIS_PACIE_DOADOR (GRPE_ID_PACIENTE_ALELO1,GRPE_ID_PACIENTE_ALELO2,GRPE_ID_DOADOR_ALELO1,GRPE_ID_DOADOR_ALELO2,TIPM_ID,DGPD_ID) VALUES ('2','1','2','2','2',SQ_DGPD_ID.NEXTVAL);
INSERT INTO MODRED.DPB1_GRUPO_PERMIS_PACIE_DOADOR (GRPE_ID_PACIENTE_ALELO1,GRPE_ID_PACIENTE_ALELO2,GRPE_ID_DOADOR_ALELO1,GRPE_ID_DOADOR_ALELO2,TIPM_ID,DGPD_ID) VALUES ('1','3','2','2','2',SQ_DGPD_ID.NEXTVAL);
INSERT INTO MODRED.DPB1_GRUPO_PERMIS_PACIE_DOADOR (GRPE_ID_PACIENTE_ALELO1,GRPE_ID_PACIENTE_ALELO2,GRPE_ID_DOADOR_ALELO1,GRPE_ID_DOADOR_ALELO2,TIPM_ID,DGPD_ID) VALUES ('3','1','2','2','2',SQ_DGPD_ID.NEXTVAL);
INSERT INTO MODRED.DPB1_GRUPO_PERMIS_PACIE_DOADOR (GRPE_ID_PACIENTE_ALELO1,GRPE_ID_PACIENTE_ALELO2,GRPE_ID_DOADOR_ALELO1,GRPE_ID_DOADOR_ALELO2,TIPM_ID,DGPD_ID) VALUES ('2','2','3','3','2',SQ_DGPD_ID.NEXTVAL);
INSERT INTO MODRED.DPB1_GRUPO_PERMIS_PACIE_DOADOR (GRPE_ID_PACIENTE_ALELO1,GRPE_ID_PACIENTE_ALELO2,GRPE_ID_DOADOR_ALELO1,GRPE_ID_DOADOR_ALELO2,TIPM_ID,DGPD_ID) VALUES ('2','3','3','3','2',SQ_DGPD_ID.NEXTVAL);
INSERT INTO MODRED.DPB1_GRUPO_PERMIS_PACIE_DOADOR (GRPE_ID_PACIENTE_ALELO1,GRPE_ID_PACIENTE_ALELO2,GRPE_ID_DOADOR_ALELO1,GRPE_ID_DOADOR_ALELO2,TIPM_ID,DGPD_ID) VALUES ('3','2','3','3','2',SQ_DGPD_ID.NEXTVAL);
INSERT INTO MODRED.DPB1_GRUPO_PERMIS_PACIE_DOADOR (GRPE_ID_PACIENTE_ALELO1,GRPE_ID_PACIENTE_ALELO2,GRPE_ID_DOADOR_ALELO1,GRPE_ID_DOADOR_ALELO2,TIPM_ID,DGPD_ID) VALUES ('1','1','2','3','2',SQ_DGPD_ID.NEXTVAL);
INSERT INTO MODRED.DPB1_GRUPO_PERMIS_PACIE_DOADOR (GRPE_ID_PACIENTE_ALELO1,GRPE_ID_PACIENTE_ALELO2,GRPE_ID_DOADOR_ALELO1,GRPE_ID_DOADOR_ALELO2,TIPM_ID,DGPD_ID) VALUES ('1','2','2','3','2',SQ_DGPD_ID.NEXTVAL);
INSERT INTO MODRED.DPB1_GRUPO_PERMIS_PACIE_DOADOR (GRPE_ID_PACIENTE_ALELO1,GRPE_ID_PACIENTE_ALELO2,GRPE_ID_DOADOR_ALELO1,GRPE_ID_DOADOR_ALELO2,TIPM_ID,DGPD_ID) VALUES ('2','1','2','3','2',SQ_DGPD_ID.NEXTVAL);
INSERT INTO MODRED.DPB1_GRUPO_PERMIS_PACIE_DOADOR (GRPE_ID_PACIENTE_ALELO1,GRPE_ID_PACIENTE_ALELO2,GRPE_ID_DOADOR_ALELO1,GRPE_ID_DOADOR_ALELO2,TIPM_ID,DGPD_ID) VALUES ('1','3','2','3','2',SQ_DGPD_ID.NEXTVAL);
INSERT INTO MODRED.DPB1_GRUPO_PERMIS_PACIE_DOADOR (GRPE_ID_PACIENTE_ALELO1,GRPE_ID_PACIENTE_ALELO2,GRPE_ID_DOADOR_ALELO1,GRPE_ID_DOADOR_ALELO2,TIPM_ID,DGPD_ID) VALUES ('3','1','2','3','2',SQ_DGPD_ID.NEXTVAL);
INSERT INTO MODRED.DPB1_GRUPO_PERMIS_PACIE_DOADOR (GRPE_ID_PACIENTE_ALELO1,GRPE_ID_PACIENTE_ALELO2,GRPE_ID_DOADOR_ALELO1,GRPE_ID_DOADOR_ALELO2,TIPM_ID,DGPD_ID) VALUES ('1','1','3','2','2',SQ_DGPD_ID.NEXTVAL);
INSERT INTO MODRED.DPB1_GRUPO_PERMIS_PACIE_DOADOR (GRPE_ID_PACIENTE_ALELO1,GRPE_ID_PACIENTE_ALELO2,GRPE_ID_DOADOR_ALELO1,GRPE_ID_DOADOR_ALELO2,TIPM_ID,DGPD_ID) VALUES ('1','2','3','2','2',SQ_DGPD_ID.NEXTVAL);
INSERT INTO MODRED.DPB1_GRUPO_PERMIS_PACIE_DOADOR (GRPE_ID_PACIENTE_ALELO1,GRPE_ID_PACIENTE_ALELO2,GRPE_ID_DOADOR_ALELO1,GRPE_ID_DOADOR_ALELO2,TIPM_ID,DGPD_ID) VALUES ('2','1','3','2','2',SQ_DGPD_ID.NEXTVAL);
INSERT INTO MODRED.DPB1_GRUPO_PERMIS_PACIE_DOADOR (GRPE_ID_PACIENTE_ALELO1,GRPE_ID_PACIENTE_ALELO2,GRPE_ID_DOADOR_ALELO1,GRPE_ID_DOADOR_ALELO2,TIPM_ID,DGPD_ID) VALUES ('1','3','3','2','2',SQ_DGPD_ID.NEXTVAL);
INSERT INTO MODRED.DPB1_GRUPO_PERMIS_PACIE_DOADOR (GRPE_ID_PACIENTE_ALELO1,GRPE_ID_PACIENTE_ALELO2,GRPE_ID_DOADOR_ALELO1,GRPE_ID_DOADOR_ALELO2,TIPM_ID,DGPD_ID) VALUES ('3','1','3','2','2',SQ_DGPD_ID.NEXTVAL);
INSERT INTO MODRED.DPB1_GRUPO_PERMIS_PACIE_DOADOR (GRPE_ID_PACIENTE_ALELO1,GRPE_ID_PACIENTE_ALELO2,GRPE_ID_DOADOR_ALELO1,GRPE_ID_DOADOR_ALELO2,TIPM_ID,DGPD_ID) VALUES ('1','1','3','3','2',SQ_DGPD_ID.NEXTVAL);
INSERT INTO MODRED.DPB1_GRUPO_PERMIS_PACIE_DOADOR (GRPE_ID_PACIENTE_ALELO1,GRPE_ID_PACIENTE_ALELO2,GRPE_ID_DOADOR_ALELO1,GRPE_ID_DOADOR_ALELO2,TIPM_ID,DGPD_ID) VALUES ('1','2','3','3','2',SQ_DGPD_ID.NEXTVAL);
INSERT INTO MODRED.DPB1_GRUPO_PERMIS_PACIE_DOADOR (GRPE_ID_PACIENTE_ALELO1,GRPE_ID_PACIENTE_ALELO2,GRPE_ID_DOADOR_ALELO1,GRPE_ID_DOADOR_ALELO2,TIPM_ID,DGPD_ID) VALUES ('2','1','3','3','2',SQ_DGPD_ID.NEXTVAL);
INSERT INTO MODRED.DPB1_GRUPO_PERMIS_PACIE_DOADOR (GRPE_ID_PACIENTE_ALELO1,GRPE_ID_PACIENTE_ALELO2,GRPE_ID_DOADOR_ALELO1,GRPE_ID_DOADOR_ALELO2,TIPM_ID,DGPD_ID) VALUES ('1','3','3','3','2',SQ_DGPD_ID.NEXTVAL);
INSERT INTO MODRED.DPB1_GRUPO_PERMIS_PACIE_DOADOR (GRPE_ID_PACIENTE_ALELO1,GRPE_ID_PACIENTE_ALELO2,GRPE_ID_DOADOR_ALELO1,GRPE_ID_DOADOR_ALELO2,TIPM_ID,DGPD_ID) VALUES ('3','1','3','3','2',SQ_DGPD_ID.NEXTVAL);
INSERT INTO MODRED.DPB1_GRUPO_PERMIS_PACIE_DOADOR (GRPE_ID_PACIENTE_ALELO1,GRPE_ID_PACIENTE_ALELO2,GRPE_ID_DOADOR_ALELO1,GRPE_ID_DOADOR_ALELO2,TIPM_ID,DGPD_ID) VALUES ('2','2','1','1','3',SQ_DGPD_ID.NEXTVAL);
INSERT INTO MODRED.DPB1_GRUPO_PERMIS_PACIE_DOADOR (GRPE_ID_PACIENTE_ALELO1,GRPE_ID_PACIENTE_ALELO2,GRPE_ID_DOADOR_ALELO1,GRPE_ID_DOADOR_ALELO2,TIPM_ID,DGPD_ID) VALUES ('2','3','1','1','3',SQ_DGPD_ID.NEXTVAL);
INSERT INTO MODRED.DPB1_GRUPO_PERMIS_PACIE_DOADOR (GRPE_ID_PACIENTE_ALELO1,GRPE_ID_PACIENTE_ALELO2,GRPE_ID_DOADOR_ALELO1,GRPE_ID_DOADOR_ALELO2,TIPM_ID,DGPD_ID) VALUES ('3','2','1','1','3',SQ_DGPD_ID.NEXTVAL);
INSERT INTO MODRED.DPB1_GRUPO_PERMIS_PACIE_DOADOR (GRPE_ID_PACIENTE_ALELO1,GRPE_ID_PACIENTE_ALELO2,GRPE_ID_DOADOR_ALELO1,GRPE_ID_DOADOR_ALELO2,TIPM_ID,DGPD_ID) VALUES ('3','3','1','1','3',SQ_DGPD_ID.NEXTVAL);
INSERT INTO MODRED.DPB1_GRUPO_PERMIS_PACIE_DOADOR (GRPE_ID_PACIENTE_ALELO1,GRPE_ID_PACIENTE_ALELO2,GRPE_ID_DOADOR_ALELO1,GRPE_ID_DOADOR_ALELO2,TIPM_ID,DGPD_ID) VALUES ('2','2','2','1','3',SQ_DGPD_ID.NEXTVAL);
INSERT INTO MODRED.DPB1_GRUPO_PERMIS_PACIE_DOADOR (GRPE_ID_PACIENTE_ALELO1,GRPE_ID_PACIENTE_ALELO2,GRPE_ID_DOADOR_ALELO1,GRPE_ID_DOADOR_ALELO2,TIPM_ID,DGPD_ID) VALUES ('2','3','1','2','3',SQ_DGPD_ID.NEXTVAL);
INSERT INTO MODRED.DPB1_GRUPO_PERMIS_PACIE_DOADOR (GRPE_ID_PACIENTE_ALELO1,GRPE_ID_PACIENTE_ALELO2,GRPE_ID_DOADOR_ALELO1,GRPE_ID_DOADOR_ALELO2,TIPM_ID,DGPD_ID) VALUES ('3','2','1','2','3',SQ_DGPD_ID.NEXTVAL);
INSERT INTO MODRED.DPB1_GRUPO_PERMIS_PACIE_DOADOR (GRPE_ID_PACIENTE_ALELO1,GRPE_ID_PACIENTE_ALELO2,GRPE_ID_DOADOR_ALELO1,GRPE_ID_DOADOR_ALELO2,TIPM_ID,DGPD_ID) VALUES ('2','3','2','1','3',SQ_DGPD_ID.NEXTVAL);
INSERT INTO MODRED.DPB1_GRUPO_PERMIS_PACIE_DOADOR (GRPE_ID_PACIENTE_ALELO1,GRPE_ID_PACIENTE_ALELO2,GRPE_ID_DOADOR_ALELO1,GRPE_ID_DOADOR_ALELO2,TIPM_ID,DGPD_ID) VALUES ('2','2','1','2','3',SQ_DGPD_ID.NEXTVAL);
INSERT INTO MODRED.DPB1_GRUPO_PERMIS_PACIE_DOADOR (GRPE_ID_PACIENTE_ALELO1,GRPE_ID_PACIENTE_ALELO2,GRPE_ID_DOADOR_ALELO1,GRPE_ID_DOADOR_ALELO2,TIPM_ID,DGPD_ID) VALUES ('3','2','2','1','3',SQ_DGPD_ID.NEXTVAL);
INSERT INTO MODRED.DPB1_GRUPO_PERMIS_PACIE_DOADOR (GRPE_ID_PACIENTE_ALELO1,GRPE_ID_PACIENTE_ALELO2,GRPE_ID_DOADOR_ALELO1,GRPE_ID_DOADOR_ALELO2,TIPM_ID,DGPD_ID) VALUES ('3','3','1','2','3',SQ_DGPD_ID.NEXTVAL);
INSERT INTO MODRED.DPB1_GRUPO_PERMIS_PACIE_DOADOR (GRPE_ID_PACIENTE_ALELO1,GRPE_ID_PACIENTE_ALELO2,GRPE_ID_DOADOR_ALELO1,GRPE_ID_DOADOR_ALELO2,TIPM_ID,DGPD_ID) VALUES ('2','2','1','3','3',SQ_DGPD_ID.NEXTVAL);
INSERT INTO MODRED.DPB1_GRUPO_PERMIS_PACIE_DOADOR (GRPE_ID_PACIENTE_ALELO1,GRPE_ID_PACIENTE_ALELO2,GRPE_ID_DOADOR_ALELO1,GRPE_ID_DOADOR_ALELO2,TIPM_ID,DGPD_ID) VALUES ('2','3','1','3','3',SQ_DGPD_ID.NEXTVAL);
INSERT INTO MODRED.DPB1_GRUPO_PERMIS_PACIE_DOADOR (GRPE_ID_PACIENTE_ALELO1,GRPE_ID_PACIENTE_ALELO2,GRPE_ID_DOADOR_ALELO1,GRPE_ID_DOADOR_ALELO2,TIPM_ID,DGPD_ID) VALUES ('3','2','1','3','3',SQ_DGPD_ID.NEXTVAL);
INSERT INTO MODRED.DPB1_GRUPO_PERMIS_PACIE_DOADOR (GRPE_ID_PACIENTE_ALELO1,GRPE_ID_PACIENTE_ALELO2,GRPE_ID_DOADOR_ALELO1,GRPE_ID_DOADOR_ALELO2,TIPM_ID,DGPD_ID) VALUES ('3','3','1','3','3',SQ_DGPD_ID.NEXTVAL);
INSERT INTO MODRED.DPB1_GRUPO_PERMIS_PACIE_DOADOR (GRPE_ID_PACIENTE_ALELO1,GRPE_ID_PACIENTE_ALELO2,GRPE_ID_DOADOR_ALELO1,GRPE_ID_DOADOR_ALELO2,TIPM_ID,DGPD_ID) VALUES ('2','2','3','1','3',SQ_DGPD_ID.NEXTVAL);
INSERT INTO MODRED.DPB1_GRUPO_PERMIS_PACIE_DOADOR (GRPE_ID_PACIENTE_ALELO1,GRPE_ID_PACIENTE_ALELO2,GRPE_ID_DOADOR_ALELO1,GRPE_ID_DOADOR_ALELO2,TIPM_ID,DGPD_ID) VALUES ('2','3','3','1','3',SQ_DGPD_ID.NEXTVAL);
INSERT INTO MODRED.DPB1_GRUPO_PERMIS_PACIE_DOADOR (GRPE_ID_PACIENTE_ALELO1,GRPE_ID_PACIENTE_ALELO2,GRPE_ID_DOADOR_ALELO1,GRPE_ID_DOADOR_ALELO2,TIPM_ID,DGPD_ID) VALUES ('3','2','3','1','3',SQ_DGPD_ID.NEXTVAL);
INSERT INTO MODRED.DPB1_GRUPO_PERMIS_PACIE_DOADOR (GRPE_ID_PACIENTE_ALELO1,GRPE_ID_PACIENTE_ALELO2,GRPE_ID_DOADOR_ALELO1,GRPE_ID_DOADOR_ALELO2,TIPM_ID,DGPD_ID) VALUES ('3','3','3','1','3',SQ_DGPD_ID.NEXTVAL);
INSERT INTO MODRED.DPB1_GRUPO_PERMIS_PACIE_DOADOR (GRPE_ID_PACIENTE_ALELO1,GRPE_ID_PACIENTE_ALELO2,GRPE_ID_DOADOR_ALELO1,GRPE_ID_DOADOR_ALELO2,TIPM_ID,DGPD_ID) VALUES ('3','3','2','3','3',SQ_DGPD_ID.NEXTVAL);
INSERT INTO MODRED.DPB1_GRUPO_PERMIS_PACIE_DOADOR (GRPE_ID_PACIENTE_ALELO1,GRPE_ID_PACIENTE_ALELO2,GRPE_ID_DOADOR_ALELO1,GRPE_ID_DOADOR_ALELO2,TIPM_ID,DGPD_ID) VALUES ('3','3','3','2','3',SQ_DGPD_ID.NEXTVAL);
INSERT INTO MODRED.DPB1_GRUPO_PERMIS_PACIE_DOADOR (GRPE_ID_PACIENTE_ALELO1,GRPE_ID_PACIENTE_ALELO2,GRPE_ID_DOADOR_ALELO1,GRPE_ID_DOADOR_ALELO2,TIPM_ID,DGPD_ID) VALUES ('3','3','2','2','3',SQ_DGPD_ID.NEXTVAL);
INSERT INTO MODRED.DPB1_GRUPO_PERMIS_PACIE_DOADOR (GRPE_ID_PACIENTE_ALELO1,GRPE_ID_PACIENTE_ALELO2,GRPE_ID_DOADOR_ALELO1,GRPE_ID_DOADOR_ALELO2,TIPM_ID,DGPD_ID) VALUES ('3','3','2','1','3',SQ_DGPD_ID.NEXTVAL);
COMMIT;


--### ERGOMES - ALTERAÇÃO DE TIPO - TABELA DOADOR | COLUNA DOAD_IN_FUMANTE ###
UPDATE DOADOR SET DOAD_IN_FUMANTE = null WHERE DOAD_IN_FUMANTE IS NOT NULL;
commit;
ALTER TABLE DOADOR MODIFY (DOAD_IN_FUMANTE NUMBER);
--############################################################################

--### ERGOMES - ALTERAÇÃO DE NULLABLE - TABELA DOADOR | COLUNA DOAD_TX_ABO ###
ALTER TABLE DOADOR MODIFY (DOAD_TX_ABO NULL);
--############################################################################



ALTER TABLE MODRED.MATCH 
ADD (MATC_IN_DISPONIBILIDADE NUMBER);

ALTER TABLE MATCH  
MODIFY (MATC_IN_DISPONIBILIZADO DEFAULT 0 );

UPDATE MODRED.MATCH SET MATC_IN_DISPONIBILIZADO = 0;
COMMIT;

ALTER TABLE MODRED.MATCH  
MODIFY (MATC_IN_DISPONIBILIZADO NOT NULL);

ALTER TABLE MODRED.CONFIGURACAO 
ADD (CONF_TX_DESCRICAO CLOB );

COMMENT ON COLUMN MDDRED.CONFIGURACAO.CONF_TX_DESCRICAO IS 'Descrição da cahve. Deverá ser colocado onde foi utilizada.';

INSERT INTO MODRED.CONFIGURACAO (CONF_ID, CONF_TX_VALOR, CONF_TX_DESCRICAO) VALUES ('somatorioTotalParaIdentificarFase2', '1.2', 'Utilizado para comparação da soma dos pesos dos locus do genótipo para determinar em qual fase o doador estará');
COMMIT;

UPDATE MODRED.LOCUS SET LOCU_NR_PESO_FASE2 = 0 
WHERE LOCU_ID = 'A' OR LOCU_ID = 'B';
COMMIT;

